id,pokemon,native_region,type_1,type_2,hp,attack,defense,special_attack,special_defense,speed,sprite_url,is_legendary,is_mythical,is_paradox
7,Squirtle,Kanto,Water,,44,48,65,50,64,43,https://raw.githubusercontent.com/PokeAPI/sprites/master/sprites/pokemon/other/official-artwork/7.png,False,False,False
8,Wartortle,Kanto,Water,,59,63,80,65,80,58,https://raw.githubusercontent.com/PokeAPI/sprites/master/sprites/pokemon/other/official-artwork/8.png,False,False,False
9,Blastoise,Kanto,Water,,79,83,100,85,105,78,https://raw.githubusercontent.com/PokeAPI/sprites/master/sprites/pokemon/other/official-artwork/9.png,False,False,False
25,Pikachu,Kanto,Electric,,35,55,40,50,50,90,https://raw.githubusercontent.com/PokeAPI/sprites/master/sprites/pokemon/other/official-artwork/25.png,False,False,False
26,Raichu,Kanto,Electric,,60,90,55,90,80,110,https://raw.githubusercontent.com/PokeAPI/sprites/master/sprites/pokemon/other/official-artwork/26.png,False,False,False
35,Clefairy,Kanto,Fairy,,70,45,48,60,65,35,https://raw.githubusercontent.com/PokeAPI/sprites/master/sprites/pokemon/other/official-artwork/35.png,False,False,False
36,Clefable,Kanto,Fairy,,95,70,73,95,90,60,https://raw.githubusercontent.com/PokeAPI/sprites/master/sprites/pokemon/other/official-artwork/36.png,False,False,False
39,Jigglypuff,Kanto,Normal,Fairy,115,45,20,45,25,20,https://raw.githubusercontent.com/PokeAPI/sprites/master/sprites/pokemon/other/official-artwork/39.png,False,False,False
40,Wigglytuff,Kanto,Normal,Fairy,140,70,45,85,50,45,https://raw.githubusercontent.com/PokeAPI/sprites/master/sprites/pokemon/other/official-artwork/40.png,False,False,False
54,Psyduck,Kanto,Water,,50,52,48,65,50,55,https://raw.githubusercontent.com/PokeAPI/sprites/master/sprites/pokemon/other/official-artwork/54.png,False,False,False
55,Golduck,Kanto,Water,,80,82,78,95,80,85,https://raw.githubusercontent.com/PokeAPI/sprites/master/sprites/pokemon/other/official-artwork/55.png,False,False,False
60,Poliwag,Kanto,Water,,40,50,40,40,40,90,https://raw.githubusercontent.com/PokeAPI/sprites/master/sprites/pokemon/other/official-artwork/60.png,False,False,False
61,Poliwhirl,Kanto,Water,,65,65,65,50,50,90,https://raw.githubusercontent.com/PokeAPI/sprites/master/sprites/pokemon/other/official-artwork/61.png,False,False,False
62,Poliwrath,Kanto,Water,Fighting,90,95,95,70,90,70,https://raw.githubusercontent.com/PokeAPI/sprites/master/sprites/pokemon/other/official-artwork/62.png,False,False,False
72,Tentacool,Kanto,Water,Poison,40,40,35,50,100,70,https://raw.githubusercontent.com/PokeAPI/sprites/master/sprites/pokemon/other/official-artwork/72.png,False,False,False
73,Tentacruel,Kanto,Water,Poison,80,70,65,80,120,100,https://raw.githubusercontent.com/PokeAPI/sprites/master/sprites/pokemon/other/official-artwork/73.png,False,False,False
79,Slowpoke,Kanto,Water,Psychic,90,65,65,40,40,15,https://raw.githubusercontent.com/PokeAPI/sprites/master/sprites/pokemon/other/official-artwork/79.png,False,False,False
80,Slowbro,Kanto,Water,Psychic,95,75,110,100,80,30,https://raw.githubusercontent.com/PokeAPI/sprites/master/sprites/pokemon/other/official-artwork/80.png,False,False,False
81,Magnemite,Kanto,Electric,Steel,25,35,70,95,55,45,https://raw.githubusercontent.com/PokeAPI/sprites/master/sprites/pokemon/other/official-artwork/81.png,False,False,False
82,Magneton,Kanto,Electric,Steel,50,60,95,120,70,70,https://raw.githubusercontent.com/PokeAPI/sprites/master/sprites/pokemon/other/official-artwork/82.png,False,False,False
86,Seel,Kanto,Water,,65,45,55,45,70,45,https://raw.githubusercontent.com/PokeAPI/sprites/master/sprites/pokemon/other/official-artwork/86.png,False,False,False
87,Dewgong,Kanto,Water,Ice,90,70,80,70,95,70,https://raw.githubusercontent.com/PokeAPI/sprites/master/sprites/pokemon/other/official-artwork/87.png,False,False,False
90,Shellder,Kanto,Water,,30,65,100,45,25,40,https://raw.githubusercontent.com/PokeAPI/sprites/master/sprites/pokemon/other/official-artwork/90.png,False,False,False
91,Cloyster,Kanto,Water,Ice,50,95,180,85,45,70,https://raw.githubusercontent.com/PokeAPI/sprites/master/sprites/pokemon/other/official-artwork/91.png,False,False,False
98,Krabby,Kanto,Water,,30,105,90,25,25,50,https://raw.githubusercontent.com/PokeAPI/sprites/master/sprites/pokemon/other/official-artwork/98.png,False,False,False
99,Kingler,Kanto,Water,,55,130,115,50,50,75,https://raw.githubusercontent.com/PokeAPI/sprites/master/sprites/pokemon/other/official-artwork/99.png,False,False,False
100,Voltorb,Kanto,Electric,,40,30,50,55,55,100,https://raw.githubusercontent.com/PokeAPI/sprites/master/sprites/pokemon/other/official-artwork/100.png,False,False,False
101,Electrode,Kanto,Electric,,60,50,70,80,80,150,https://raw.githubusercontent.com/PokeAPI/sprites/master/sprites/pokemon/other/official-artwork/101.png,False,False,False
116,Horsea,Kanto,Water,,30,40,70,70,25,60,https://raw.githubusercontent.com/PokeAPI/sprites/master/sprites/pokemon/other/official-artwork/116.png,False,False,False
117,Seadra,Kanto,Water,,55,65,95,95,45,85,https://raw.githubusercontent.com/PokeAPI/sprites/master/sprites/pokemon/other/official-artwork/117.png,False,False,False
118,Goldeen,Kanto,Water,,45,67,60,35,50,63,https://raw.githubusercontent.com/PokeAPI/sprites/master/sprites/pokemon/other/official-artwork/118.png,False,False,False
119,Seaking,Kanto,Water,,80,92,65,65,80,68,https://raw.githubusercontent.com/PokeAPI/sprites/master/sprites/pokemon/other/official-artwork/119.png,False,False,False
120,Staryu,Kanto,Water,,30,45,55,70,55,85,https://raw.githubusercontent.com/PokeAPI/sprites/master/sprites/pokemon/other/official-artwork/120.png,False,False,False
121,Starmie,Kanto,Water,Psychic,60,75,85,100,85,115,https://raw.githubusercontent.com/PokeAPI/sprites/master/sprites/pokemon/other/official-artwork/121.png,False,False,False
122,Mr Mime,Kanto,Psychic,Fairy,40,45,65,100,120,90,https://raw.githubusercontent.com/PokeAPI/sprites/master/sprites/pokemon/other/official-artwork/122.png,False,False,False
125,Electabuzz,Kanto,Electric,,65,83,57,95,85,105,https://raw.githubusercontent.com/PokeAPI/sprites/master/sprites/pokemon/other/official-artwork/125.png,False,False,False
129,Magikarp,Kanto,Water,,20,10,55,15,20,80,https://raw.githubusercontent.com/PokeAPI/sprites/master/sprites/pokemon/other/official-artwork/129.png,False,False,False
130,Gyarados,Kanto,Water,Flying,95,125,79,60,100,81,https://raw.githubusercontent.com/PokeAPI/sprites/master/sprites/pokemon/other/official-artwork/130.png,False,False,False
131,Lapras,Kanto,Water,Ice,130,85,80,85,95,60,https://raw.githubusercontent.com/PokeAPI/sprites/master/sprites/pokemon/other/official-artwork/131.png,False,False,False
134,Vaporeon,Kanto,Water,,130,65,60,110,95,65,https://raw.githubusercontent.com/PokeAPI/sprites/master/sprites/pokemon/other/official-artwork/134.png,False,False,False
135,Jolteon,Kanto,Electric,,65,65,60,110,95,130,https://raw.githubusercontent.com/PokeAPI/sprites/master/sprites/pokemon/other/official-artwork/135.png,False,False,False
138,Omanyte,Kanto,Rock,Water,35,40,100,90,55,35,https://raw.githubusercontent.com/PokeAPI/sprites/master/sprites/pokemon/other/official-artwork/138.png,False,False,False
139,Omastar,Kanto,Rock,Water,70,60,125,115,70,55,https://raw.githubusercontent.com/PokeAPI/sprites/master/sprites/pokemon/other/official-artwork/139.png,False,False,False
140,Kabuto,Kanto,Rock,Water,30,80,90,55,45,55,https://raw.githubusercontent.com/PokeAPI/sprites/master/sprites/pokemon/other/official-artwork/140.png,False,False,False
141,Kabutops,Kanto,Rock,Water,60,115,105,65,70,80,https://raw.githubusercontent.com/PokeAPI/sprites/master/sprites/pokemon/other/official-artwork/141.png,False,False,False
145,Zapdos,Kanto,Electric,Flying,90,90,85,125,90,100,https://raw.githubusercontent.com/PokeAPI/sprites/master/sprites/pokemon/other/official-artwork/145.png,True,False,False
155,Cyndaquil,Johto,Fire,,39,52,43,60,50,65,https://raw.githubusercontent.com/PokeAPI/sprites/master/sprites/pokemon/other/official-artwork/155.png,False,False,False
156,Quilava,Johto,Fire,,58,64,58,80,65,80,https://raw.githubusercontent.com/PokeAPI/sprites/master/sprites/pokemon/other/official-artwork/156.png,False,False,False
157,Typhlosion,Johto,Fire,,78,84,78,109,85,100,https://raw.githubusercontent.com/PokeAPI/sprites/master/sprites/pokemon/other/official-artwork/157.png,False,False,False
218,Slugma,Johto,Fire,,40,40,40,70,40,20,https://raw.githubusercontent.com/PokeAPI/sprites/master/sprites/pokemon/other/official-artwork/218.png,False,False,False
219,Magcargo,Johto,Fire,Rock,60,50,120,90,80,30,https://raw.githubusercontent.com/PokeAPI/sprites/master/sprites/pokemon/other/official-artwork/219.png,False,False,False
228,Houndour,Johto,Dark,Fire,45,60,30,80,50,65,https://raw.githubusercontent.com/PokeAPI/sprites/master/sprites/pokemon/other/official-artwork/228.png,False,False,False
229,Houndoom,Johto,Dark,Fire,75,90,50,110,80,95,https://raw.githubusercontent.com/PokeAPI/sprites/master/sprites/pokemon/other/official-artwork/229.png,False,False,False
240,Magby,Johto,Fire,,45,75,37,70,55,83,https://raw.githubusercontent.com/PokeAPI/sprites/master/sprites/pokemon/other/official-artwork/240.png,False,False,False
243,Raikou,Johto,Electric,,90,85,75,115,100,115,https://raw.githubusercontent.com/PokeAPI/sprites/master/sprites/pokemon/other/official-artwork/243.png,True,False,False
244,Entei,Johto,Fire,,115,115,85,90,75,100,https://raw.githubusercontent.com/PokeAPI/sprites/master/sprites/pokemon/other/official-artwork/244.png,True,False,False
250,Ho Oh,Johto,Fire,Flying,106,130,90,110,154,90,https://raw.githubusercontent.com/PokeAPI/sprites/master/sprites/pokemon/other/official-artwork/250.png,True,False,False
252,Treecko,Hoenn,Grass,,40,45,35,65,55,70,https://raw.githubusercontent.com/PokeAPI/sprites/master/sprites/pokemon/other/official-artwork/252.png,False,False,False
253,Grovyle,Hoenn,Grass,,50,65,45,85,65,95,https://raw.githubusercontent.com/PokeAPI/sprites/master/sprites/pokemon/other/official-artwork/253.png,False,False,False
254,Sceptile,Hoenn,Grass,,70,85,65,105,85,120,https://raw.githubusercontent.com/PokeAPI/sprites/master/sprites/pokemon/other/official-artwork/254.png,False,False,False
255,Torchic,Hoenn,Fire,,45,60,40,70,50,45,https://raw.githubusercontent.com/PokeAPI/sprites/master/sprites/pokemon/other/official-artwork/255.png,False,False,False
256,Combusken,Hoenn,Fire,Fighting,60,85,60,85,60,55,https://raw.githubusercontent.com/PokeAPI/sprites/master/sprites/pokemon/other/official-artwork/256.png,False,False,False
257,Blaziken,Hoenn,Fire,Fighting,80,120,70,110,70,80,https://raw.githubusercontent.com/PokeAPI/sprites/master/sprites/pokemon/other/official-artwork/257.png,False,False,False
258,Mudkip,Hoenn,Water,,50,70,50,50,50,40,https://raw.githubusercontent.com/PokeAPI/sprites/master/sprites/pokemon/other/official-artwork/258.png,False,False,False
259,Marshtomp,Hoenn,Water,Ground,70,85,70,60,70,50,https://raw.githubusercontent.com/PokeAPI/sprites/master/sprites/pokemon/other/official-artwork/259.png,False,False,False
260,Swampert,Hoenn,Water,Ground,100,110,90,85,90,60,https://raw.githubusercontent.com/PokeAPI/sprites/master/sprites/pokemon/other/official-artwork/260.png,False,False,False
261,Poochyena,Hoenn,Dark,,35,55,35,30,30,35,https://raw.githubusercontent.com/PokeAPI/sprites/master/sprites/pokemon/other/official-artwork/261.png,False,False,False
262,Mightyena,Hoenn,Dark,,70,90,70,60,60,70,https://raw.githubusercontent.com/PokeAPI/sprites/master/sprites/pokemon/other/official-artwork/262.png,False,False,False
263,Zigzagoon,Hoenn,Normal,,38,30,41,30,41,60,https://raw.githubusercontent.com/PokeAPI/sprites/master/sprites/pokemon/other/official-artwork/263.png,False,False,False
264,Linoone,Hoenn,Normal,,78,70,61,50,61,100,https://raw.githubusercontent.com/PokeAPI/sprites/master/sprites/pokemon/other/official-artwork/264.png,False,False,False
265,Wurmple,Hoenn,Bug,,45,45,35,20,30,20,https://raw.githubusercontent.com/PokeAPI/sprites/master/sprites/pokemon/other/official-artwork/265.png,False,False,False
266,Silcoon,Hoenn,Bug,,50,35,55,25,25,15,https://raw.githubusercontent.com/PokeAPI/sprites/master/sprites/pokemon/other/official-artwork/266.png,False,False,False
267,Beautifly,Hoenn,Bug,Flying,60,70,50,100,50,65,https://raw.githubusercontent.com/PokeAPI/sprites/master/sprites/pokemon/other/official-artwork/267.png,False,False,False
268,Cascoon,Hoenn,Bug,,50,35,55,25,25,15,https://raw.githubusercontent.com/PokeAPI/sprites/master/sprites/pokemon/other/official-artwork/268.png,False,False,False
269,Dustox,Hoenn,Bug,Poison,60,50,70,50,90,65,https://raw.githubusercontent.com/PokeAPI/sprites/master/sprites/pokemon/other/official-artwork/269.png,False,False,False
270,Lotad,Hoenn,Water,Grass,40,30,30,40,50,30,https://raw.githubusercontent.com/PokeAPI/sprites/master/sprites/pokemon/other/official-artwork/270.png,False,False,False
271,Lombre,Hoenn,Water,Grass,60,50,50,60,70,50,https://raw.githubusercontent.com/PokeAPI/sprites/master/sprites/pokemon/other/official-artwork/271.png,False,False,False
272,Ludicolo,Hoenn,Water,Grass,80,70,70,90,100,70,https://raw.githubusercontent.com/PokeAPI/sprites/master/sprites/pokemon/other/official-artwork/272.png,False,False,False
273,Seedot,Hoenn,Grass,,40,40,50,30,30,30,https://raw.githubusercontent.com/PokeAPI/sprites/master/sprites/pokemon/other/official-artwork/273.png,False,False,False
274,Nuzleaf,Hoenn,Grass,Dark,70,70,40,60,40,60,https://raw.githubusercontent.com/PokeAPI/sprites/master/sprites/pokemon/other/official-artwork/274.png,False,False,False
275,Shiftry,Hoenn,Grass,Dark,90,100,60,90,60,80,https://raw.githubusercontent.com/PokeAPI/sprites/master/sprites/pokemon/other/official-artwork/275.png,False,False,False
276,Taillow,Hoenn,Normal,Flying,40,55,30,30,30,85,https://raw.githubusercontent.com/PokeAPI/sprites/master/sprites/pokemon/other/official-artwork/276.png,False,False,False
277,Swellow,Hoenn,Normal,Flying,60,85,60,75,50,125,https://raw.githubusercontent.com/PokeAPI/sprites/master/sprites/pokemon/other/official-artwork/277.png,False,False,False
278,Wingull,Hoenn,Water,Flying,40,30,30,55,30,85,https://raw.githubusercontent.com/PokeAPI/sprites/master/sprites/pokemon/other/official-artwork/278.png,False,False,False
279,Pelipper,Hoenn,Water,Flying,60,50,100,95,70,65,https://raw.githubusercontent.com/PokeAPI/sprites/master/sprites/pokemon/other/official-artwork/279.png,False,False,False
280,Ralts,Hoenn,Psychic,Fairy,28,25,25,45,35,40,https://raw.githubusercontent.com/PokeAPI/sprites/master/sprites/pokemon/other/official-artwork/280.png,False,False,False
281,Kirlia,Hoenn,Psychic,Fairy,38,35,35,65,55,50,https://raw.githubusercontent.com/PokeAPI/sprites/master/sprites/pokemon/other/official-artwork/281.png,False,False,False
282,Gardevoir,Hoenn,Psychic,Fairy,68,65,65,125,115,80,https://raw.githubusercontent.com/PokeAPI/sprites/master/sprites/pokemon/other/official-artwork/282.png,False,False,False
283,Surskit,Hoenn,Bug,Water,40,30,32,50,52,65,https://raw.githubusercontent.com/PokeAPI/sprites/master/sprites/pokemon/other/official-artwork/283.png,False,False,False
284,Masquerain,Hoenn,Bug,Flying,70,60,62,100,82,80,https://raw.githubusercontent.com/PokeAPI/sprites/master/sprites/pokemon/other/official-artwork/284.png,False,False,False
285,Shroomish,Hoenn,Grass,,60,40,60,40,60,35,https://raw.githubusercontent.com/PokeAPI/sprites/master/sprites/pokemon/other/official-artwork/285.png,False,False,False
286,Breloom,Hoenn,Grass,Fighting,60,130,80,60,60,70,https://raw.githubusercontent.com/PokeAPI/sprites/master/sprites/pokemon/other/official-artwork/286.png,False,False,False
287,Slakoth,Hoenn,Normal,,60,60,60,35,35,30,https://raw.githubusercontent.com/PokeAPI/sprites/master/sprites/pokemon/other/official-artwork/287.png,False,False,False
288,Vigoroth,Hoenn,Normal,,80,80,80,55,55,90,https://raw.githubusercontent.com/PokeAPI/sprites/master/sprites/pokemon/other/official-artwork/288.png,False,False,False
289,Slaking,Hoenn,Normal,,150,160,100,95,65,100,https://raw.githubusercontent.com/PokeAPI/sprites/master/sprites/pokemon/other/official-artwork/289.png,False,False,False
290,Nincada,Hoenn,Bug,Ground,31,45,90,30,30,40,https://raw.githubusercontent.com/PokeAPI/sprites/master/sprites/pokemon/other/official-artwork/290.png,False,False,False
291,Ninjask,Hoenn,Bug,Flying,61,90,45,50,50,160,https://raw.githubusercontent.com/PokeAPI/sprites/master/sprites/pokemon/other/official-artwork/291.png,False,False,False
292,Shedinja,Hoenn,Bug,Ghost,1,90,45,30,30,40,https://raw.githubusercontent.com/PokeAPI/sprites/master/sprites/pokemon/other/official-artwork/292.png,False,False,False
293,Whismur,Hoenn,Normal,,64,51,23,51,23,28,https://raw.githubusercontent.com/PokeAPI/sprites/master/sprites/pokemon/other/official-artwork/293.png,False,False,False
294,Loudred,Hoenn,Normal,,84,71,43,71,43,48,https://raw.githubusercontent.com/PokeAPI/sprites/master/sprites/pokemon/other/official-artwork/294.png,False,False,False
295,Exploud,Hoenn,Normal,,104,91,63,91,73,68,https://raw.githubusercontent.com/PokeAPI/sprites/master/sprites/pokemon/other/official-artwork/295.png,False,False,False
296,Makuhita,Hoenn,Fighting,,72,60,30,20,30,25,https://raw.githubusercontent.com/PokeAPI/sprites/master/sprites/pokemon/other/official-artwork/296.png,False,False,False
297,Hariyama,Hoenn,Fighting,,144,120,60,40,60,50,https://raw.githubusercontent.com/PokeAPI/sprites/master/sprites/pokemon/other/official-artwork/297.png,False,False,False
298,Azurill,Hoenn,Normal,Fairy,50,20,40,20,40,20,https://raw.githubusercontent.com/PokeAPI/sprites/master/sprites/pokemon/other/official-artwork/298.png,False,False,False
299,Nosepass,Hoenn,Rock,,30,45,135,45,90,30,https://raw.githubusercontent.com/PokeAPI/sprites/master/sprites/pokemon/other/official-artwork/299.png,False,False,False
300,Skitty,Hoenn,Normal,,50,45,45,35,35,50,https://raw.githubusercontent.com/PokeAPI/sprites/master/sprites/pokemon/other/official-artwork/300.png,False,False,False
301,Delcatty,Hoenn,Normal,,70,65,65,55,55,90,https://raw.githubusercontent.com/PokeAPI/sprites/master/sprites/pokemon/other/official-artwork/301.png,False,False,False
302,Sableye,Hoenn,Dark,Ghost,50,75,75,65,65,50,https://raw.githubusercontent.com/PokeAPI/sprites/master/sprites/pokemon/other/official-artwork/302.png,False,False,False
303,Mawile,Hoenn,Steel,Fairy,50,85,85,55,55,50,https://raw.githubusercontent.com/PokeAPI/sprites/master/sprites/pokemon/other/official-artwork/303.png,False,False,False
304,Aron,Hoenn,Steel,Rock,50,70,100,40,40,30,https://raw.githubusercontent.com/PokeAPI/sprites/master/sprites/pokemon/other/official-artwork/304.png,False,False,False
305,Lairon,Hoenn,Steel,Rock,60,90,140,50,50,40,https://raw.githubusercontent.com/PokeAPI/sprites/master/sprites/pokemon/other/official-artwork/305.png,False,False,False
306,Aggron,Hoenn,Steel,Rock,70,110,180,60,60,50,https://raw.githubusercontent.com/PokeAPI/sprites/master/sprites/pokemon/other/official-artwork/306.png,False,False,False
307,Meditite,Hoenn,Fighting,Psychic,30,40,55,40,55,60,https://raw.githubusercontent.com/PokeAPI/sprites/master/sprites/pokemon/other/official-artwork/307.png,False,False,False
308,Medicham,Hoenn,Fighting,Psychic,60,60,75,60,75,80,https://raw.githubusercontent.com/PokeAPI/sprites/master/sprites/pokemon/other/official-artwork/308.png,False,False,False
309,Electrike,Hoenn,Electric,,40,45,40,65,40,65,https://raw.githubusercontent.com/PokeAPI/sprites/master/sprites/pokemon/other/official-artwork/309.png,False,False,False
310,Manectric,Hoenn,Electric,,70,75,60,105,60,105,https://raw.githubusercontent.com/PokeAPI/sprites/master/sprites/pokemon/other/official-artwork/310.png,False,False,False
311,Plusle,Hoenn,Electric,,60,50,40,85,75,95,https://raw.githubusercontent.com/PokeAPI/sprites/master/sprites/pokemon/other/official-artwork/311.png,False,False,False
312,Minun,Hoenn,Electric,,60,40,50,75,85,95,https://raw.githubusercontent.com/PokeAPI/sprites/master/sprites/pokemon/other/official-artwork/312.png,False,False,False
313,Volbeat,Hoenn,Bug,,65,73,75,47,85,85,https://raw.githubusercontent.com/PokeAPI/sprites/master/sprites/pokemon/other/official-artwork/313.png,False,False,False
314,Illumise,Hoenn,Bug,,65,47,75,73,85,85,https://raw.githubusercontent.com/PokeAPI/sprites/master/sprites/pokemon/other/official-artwork/314.png,False,False,False
315,Roselia,Hoenn,Grass,Poison,50,60,45,100,80,65,https://raw.githubusercontent.com/PokeAPI/sprites/master/sprites/pokemon/other/official-artwork/315.png,False,False,False
316,Gulpin,Hoenn,Poison,,70,43,53,43,53,40,https://raw.githubusercontent.com/PokeAPI/sprites/master/sprites/pokemon/other/official-artwork/316.png,False,False,False
317,Swalot,Hoenn,Poison,,100,73,83,73,83,55,https://raw.githubusercontent.com/PokeAPI/sprites/master/sprites/pokemon/other/official-artwork/317.png,False,False,False
318,Carvanha,Hoenn,Water,Dark,45,90,20,65,20,65,https://raw.githubusercontent.com/PokeAPI/sprites/master/sprites/pokemon/other/official-artwork/318.png,False,False,False
319,Sharpedo,Hoenn,Water,Dark,70,120,40,95,40,95,https://raw.githubusercontent.com/PokeAPI/sprites/master/sprites/pokemon/other/official-artwork/319.png,False,False,False
320,Wailmer,Hoenn,Water,,130,70,35,70,35,60,https://raw.githubusercontent.com/PokeAPI/sprites/master/sprites/pokemon/other/official-artwork/320.png,False,False,False
321,Wailord,Hoenn,Water,,170,90,45,90,45,60,https://raw.githubusercontent.com/PokeAPI/sprites/master/sprites/pokemon/other/official-artwork/321.png,False,False,False
322,Numel,Hoenn,Fire,Ground,60,60,40,65,45,35,https://raw.githubusercontent.com/PokeAPI/sprites/master/sprites/pokemon/other/official-artwork/322.png,False,False,False
323,Camerupt,Hoenn,Fire,Ground,70,100,70,105,75,40,https://raw.githubusercontent.com/PokeAPI/sprites/master/sprites/pokemon/other/official-artwork/323.png,False,False,False
324,Torkoal,Hoenn,Fire,,70,85,140,85,70,20,https://raw.githubusercontent.com/PokeAPI/sprites/master/sprites/pokemon/other/official-artwork/324.png,False,False,False
325,Spoink,Hoenn,Psychic,,60,25,35,70,80,60,https://raw.githubusercontent.com/PokeAPI/sprites/master/sprites/pokemon/other/official-artwork/325.png,False,False,False
326,Grumpig,Hoenn,Psychic,,80,45,65,90,110,80,https://raw.githubusercontent.com/PokeAPI/sprites/master/sprites/pokemon/other/official-artwork/326.png,False,False,False
327,Spinda,Hoenn,Normal,,60,60,60,60,60,60,https://raw.githubusercontent.com/PokeAPI/sprites/master/sprites/pokemon/other/official-artwork/327.png,False,False,False
328,Trapinch,Hoenn,Ground,,45,100,45,45,45,10,https://raw.githubusercontent.com/PokeAPI/sprites/master/sprites/pokemon/other/official-artwork/328.png,False,False,False
329,Vibrava,Hoenn,Ground,Dragon,50,70,50,50,50,70,https://raw.githubusercontent.com/PokeAPI/sprites/master/sprites/pokemon/other/official-artwork/329.png,False,False,False
330,Flygon,Hoenn,Ground,Dragon,80,100,80,80,80,100,https://raw.githubusercontent.com/PokeAPI/sprites/master/sprites/pokemon/other/official-artwork/330.png,False,False,False
331,Cacnea,Hoenn,Grass,,50,85,40,85,40,35,https://raw.githubusercontent.com/PokeAPI/sprites/master/sprites/pokemon/other/official-artwork/331.png,False,False,False
332,Cacturne,Hoenn,Grass,Dark,70,115,60,115,60,55,https://raw.githubusercontent.com/PokeAPI/sprites/master/sprites/pokemon/other/official-artwork/332.png,False,False,False
333,Swablu,Hoenn,Normal,Flying,45,40,60,40,75,50,https://raw.githubusercontent.com/PokeAPI/sprites/master/sprites/pokemon/other/official-artwork/333.png,False,False,False
334,Altaria,Hoenn,Dragon,Flying,75,70,90,70,105,80,https://raw.githubusercontent.com/PokeAPI/sprites/master/sprites/pokemon/other/official-artwork/334.png,False,False,False
335,Zangoose,Hoenn,Normal,,73,115,60,60,60,90,https://raw.githubusercontent.com/PokeAPI/sprites/master/sprites/pokemon/other/official-artwork/335.png,False,False,False
336,Seviper,Hoenn,Poison,,73,100,60,100,60,65,https://raw.githubusercontent.com/PokeAPI/sprites/master/sprites/pokemon/other/official-artwork/336.png,False,False,False
337,Lunatone,Hoenn,Rock,Psychic,90,55,65,95,85,70,https://raw.githubusercontent.com/PokeAPI/sprites/master/sprites/pokemon/other/official-artwork/337.png,False,False,False
338,Solrock,Hoenn,Rock,Psychic,90,95,85,55,65,70,https://raw.githubusercontent.com/PokeAPI/sprites/master/sprites/pokemon/other/official-artwork/338.png,False,False,False
339,Barboach,Hoenn,Water,Ground,50,48,43,46,41,60,https://raw.githubusercontent.com/PokeAPI/sprites/master/sprites/pokemon/other/official-artwork/339.png,False,False,False
340,Whiscash,Hoenn,Water,Ground,110,78,73,76,71,60,https://raw.githubusercontent.com/PokeAPI/sprites/master/sprites/pokemon/other/official-artwork/340.png,False,False,False
341,Corphish,Hoenn,Water,,43,80,65,50,35,35,https://raw.githubusercontent.com/PokeAPI/sprites/master/sprites/pokemon/other/official-artwork/341.png,False,False,False
342,Crawdaunt,Hoenn,Water,Dark,63,120,85,90,55,55,https://raw.githubusercontent.com/PokeAPI/sprites/master/sprites/pokemon/other/official-artwork/342.png,False,False,False
343,Baltoy,Hoenn,Ground,Psychic,40,40,55,40,70,55,https://raw.githubusercontent.com/PokeAPI/sprites/master/sprites/pokemon/other/official-artwork/343.png,False,False,False
344,Claydol,Hoenn,Ground,Psychic,60,70,105,70,120,75,https://raw.githubusercontent.com/PokeAPI/sprites/master/sprites/pokemon/other/official-artwork/344.png,False,False,False
345,Lileep,Hoenn,Rock,Grass,66,41,77,61,87,23,https://raw.githubusercontent.com/PokeAPI/sprites/master/sprites/pokemon/other/official-artwork/345.png,False,False,False
346,Cradily,Hoenn,Rock,Grass,86,81,97,81,107,43,https://raw.githubusercontent.com/PokeAPI/sprites/master/sprites/pokemon/other/official-artwork/346.png,False,False,False
347,Anorith,Hoenn,Rock,Bug,45,95,50,40,50,75,https://raw.githubusercontent.com/PokeAPI/sprites/master/sprites/pokemon/other/official-artwork/347.png,False,False,False
348,Armaldo,Hoenn,Rock,Bug,75,125,100,70,80,45,https://raw.githubusercontent.com/PokeAPI/sprites/master/sprites/pokemon/other/official-artwork/348.png,False,False,False
349,Feebas,Hoenn,Water,,20,15,20,10,55,80,https://raw.githubusercontent.com/PokeAPI/sprites/master/sprites/pokemon/other/official-artwork/349.png,False,False,False
350,Milotic,Hoenn,Water,,95,60,79,100,125,81,https://raw.githubusercontent.com/PokeAPI/sprites/master/sprites/pokemon/other/official-artwork/350.png,False,False,False
351,Castform,Hoenn,Normal,,70,70,70,70,70,70,https://raw.githubusercontent.com/PokeAPI/sprites/master/sprites/pokemon/other/official-artwork/351.png,False,False,False
352,Kecleon,Hoenn,Normal,,60,90,70,60,120,40,https://raw.githubusercontent.com/PokeAPI/sprites/master/sprites/pokemon/other/official-artwork/352.png,False,False,False
353,Shuppet,Hoenn,Ghost,,44,75,35,63,33,45,https://raw.githubusercontent.com/PokeAPI/sprites/master/sprites/pokemon/other/official-artwork/353.png,False,False,False
354,Banette,Hoenn,Ghost,,64,115,65,83,63,65,https://raw.githubusercontent.com/PokeAPI/sprites/master/sprites/pokemon/other/official-artwork/354.png,False,False,False
355,Duskull,Hoenn,Ghost,,20,40,90,30,90,25,https://raw.githubusercontent.com/PokeAPI/sprites/master/sprites/pokemon/other/official-artwork/355.png,False,False,False
356,Dusclops,Hoenn,Ghost,,40,70,130,60,130,25,https://raw.githubusercontent.com/PokeAPI/sprites/master/sprites/pokemon/other/official-artwork/356.png,False,False,False
357,Tropius,Hoenn,Grass,Flying,99,68,83,72,87,51,https://raw.githubusercontent.com/PokeAPI/sprites/master/sprites/pokemon/other/official-artwork/357.png,False,False,False
358,Chimecho,Hoenn,Psychic,,75,50,80,95,90,65,https://raw.githubusercontent.com/PokeAPI/sprites/master/sprites/pokemon/other/official-artwork/358.png,False,False,False
359,Absol,Hoenn,Dark,,65,130,60,75,60,75,https://raw.githubusercontent.com/PokeAPI/sprites/master/sprites/pokemon/other/official-artwork/359.png,False,False,False
360,Wynaut,Hoenn,Psychic,,95,23,48,23,48,23,https://raw.githubusercontent.com/PokeAPI/sprites/master/sprites/pokemon/other/official-artwork/360.png,False,False,False
361,Snorunt,Hoenn,Ice,,50,50,50,50,50,50,https://raw.githubusercontent.com/PokeAPI/sprites/master/sprites/pokemon/other/official-artwork/361.png,False,False,False
362,Glalie,Hoenn,Ice,,80,80,80,80,80,80,https://raw.githubusercontent.com/PokeAPI/sprites/master/sprites/pokemon/other/official-artwork/362.png,False,False,False
363,Spheal,Hoenn,Ice,Water,70,40,50,55,50,25,https://raw.githubusercontent.com/PokeAPI/sprites/master/sprites/pokemon/other/official-artwork/363.png,False,False,False
364,Sealeo,Hoenn,Ice,Water,90,60,70,75,70,45,https://raw.githubusercontent.com/PokeAPI/sprites/master/sprites/pokemon/other/official-artwork/364.png,False,False,False
365,Walrein,Hoenn,Ice,Water,110,80,90,95,90,65,https://raw.githubusercontent.com/PokeAPI/sprites/master/sprites/pokemon/other/official-artwork/365.png,False,False,False
366,Clamperl,Hoenn,Water,,35,64,85,74,55,32,https://raw.githubusercontent.com/PokeAPI/sprites/master/sprites/pokemon/other/official-artwork/366.png,False,False,False
367,Huntail,Hoenn,Water,,55,104,105,94,75,52,https://raw.githubusercontent.com/PokeAPI/sprites/master/sprites/pokemon/other/official-artwork/367.png,False,False,False
368,Gorebyss,Hoenn,Water,,55,84,105,114,75,52,https://raw.githubusercontent.com/PokeAPI/sprites/master/sprites/pokemon/other/official-artwork/368.png,False,False,False
369,Relicanth,Hoenn,Water,Rock,100,90,130,45,65,55,https://raw.githubusercontent.com/PokeAPI/sprites/master/sprites/pokemon/other/official-artwork/369.png,False,False,False
370,Luvdisc,Hoenn,Water,,43,30,55,40,65,97,https://raw.githubusercontent.com/PokeAPI/sprites/master/sprites/pokemon/other/official-artwork/370.png,False,False,False
371,Bagon,Hoenn,Dragon,,45,75,60,40,30,50,https://raw.githubusercontent.com/PokeAPI/sprites/master/sprites/pokemon/other/official-artwork/371.png,False,False,False
372,Shelgon,Hoenn,Dragon,,65,95,100,60,50,50,https://raw.githubusercontent.com/PokeAPI/sprites/master/sprites/pokemon/other/official-artwork/372.png,False,False,False
373,Salamence,Hoenn,Dragon,Flying,95,135,80,110,80,100,https://raw.githubusercontent.com/PokeAPI/sprites/master/sprites/pokemon/other/official-artwork/373.png,False,False,False
374,Beldum,Hoenn,Steel,Psychic,40,55,80,35,60,30,https://raw.githubusercontent.com/PokeAPI/sprites/master/sprites/pokemon/other/official-artwork/374.png,False,False,False
375,Metang,Hoenn,Steel,Psychic,60,75,100,55,80,50,https://raw.githubusercontent.com/PokeAPI/sprites/master/sprites/pokemon/other/official-artwork/375.png,False,False,False
376,Metagross,Hoenn,Steel,Psychic,80,135,130,95,90,70,https://raw.githubusercontent.com/PokeAPI/sprites/master/sprites/pokemon/other/official-artwork/376.png,False,False,False
377,Regirock,Hoenn,Rock,,80,100,200,50,100,50,https://raw.githubusercontent.com/PokeAPI/sprites/master/sprites/pokemon/other/official-artwork/377.png,True,False,False
378,Regice,Hoenn,Ice,,80,50,100,100,200,50,https://raw.githubusercontent.com/PokeAPI/sprites/master/sprites/pokemon/other/official-artwork/378.png,True,False,False
379,Registeel,Hoenn,Steel,,80,75,150,75,150,50,https://raw.githubusercontent.com/PokeAPI/sprites/master/sprites/pokemon/other/official-artwork/379.png,True,False,False
380,Latias,Hoenn,Dragon,Psychic,80,80,90,110,130,110,https://raw.githubusercontent.com/PokeAPI/sprites/master/sprites/pokemon/other/official-artwork/380.png,True,False,False
381,Latios,Hoenn,Dragon,Psychic,80,90,80,130,110,110,https://raw.githubusercontent.com/PokeAPI/sprites/master/sprites/pokemon/other/official-artwork/381.png,True,False,False
382,Kyogre,Hoenn,Water,,100,100,90,150,140,90,https://raw.githubusercontent.com/PokeAPI/sprites/master/sprites/pokemon/other/official-artwork/382.png,True,False,False
383,Groudon,Hoenn,Ground,,100,150,140,100,90,90,https://raw.githubusercontent.com/PokeAPI/sprites/master/sprites/pokemon/other/official-artwork/383.png,True,False,False
384,Rayquaza,Hoenn,Dragon,Flying,105,150,90,150,90,95,https://raw.githubusercontent.com/PokeAPI/sprites/master/sprites/pokemon/other/official-artwork/384.png,True,False,False
385,Jirachi,Hoenn,Steel,Psychic,100,100,100,100,100,100,https://raw.githubusercontent.com/PokeAPI/sprites/master/sprites/pokemon/other/official-artwork/385.png,False,True,False
386,Deoxys Normal,Hoenn,Psychic,,50,150,50,150,50,150,https://raw.githubusercontent.com/PokeAPI/sprites/master/sprites/pokemon/other/official-artwork/386.png,False,True,False
387,Turtwig,Sinnoh,Grass,,55,68,64,45,55,31,https://raw.githubusercontent.com/PokeAPI/sprites/master/sprites/pokemon/other/official-artwork/387.png,False,False,False
388,Grotle,Sinnoh,Grass,,75,89,85,55,65,36,https://raw.githubusercontent.com/PokeAPI/sprites/master/sprites/pokemon/other/official-artwork/388.png,False,False,False
389,Torterra,Sinnoh,Grass,Ground,95,109,105,75,85,56,https://raw.githubusercontent.com/PokeAPI/sprites/master/sprites/pokemon/other/official-artwork/389.png,False,False,False
390,Chimchar,Sinnoh,Fire,,44,58,44,58,44,61,https://raw.githubusercontent.com/PokeAPI/sprites/master/sprites/pokemon/other/official-artwork/390.png,False,False,False
391,Monferno,Sinnoh,Fire,Fighting,64,78,52,78,52,81,https://raw.githubusercontent.com/PokeAPI/sprites/master/sprites/pokemon/other/official-artwork/391.png,False,False,False
392,Infernape,Sinnoh,Fire,Fighting,76,104,71,104,71,108,https://raw.githubusercontent.com/PokeAPI/sprites/master/sprites/pokemon/other/official-artwork/392.png,False,False,False
393,Piplup,Sinnoh,Water,,53,51,53,61,56,40,https://raw.githubusercontent.com/PokeAPI/sprites/master/sprites/pokemon/other/official-artwork/393.png,False,False,False
394,Prinplup,Sinnoh,Water,,64,66,68,81,76,50,https://raw.githubusercontent.com/PokeAPI/sprites/master/sprites/pokemon/other/official-artwork/394.png,False,False,False
395,Empoleon,Sinnoh,Water,Steel,84,86,88,111,101,60,https://raw.githubusercontent.com/PokeAPI/sprites/master/sprites/pokemon/other/official-artwork/395.png,False,False,False
396,Starly,Sinnoh,Normal,Flying,40,55,30,30,30,60,https://raw.githubusercontent.com/PokeAPI/sprites/master/sprites/pokemon/other/official-artwork/396.png,False,False,False
397,Staravia,Sinnoh,Normal,Flying,55,75,50,40,40,80,https://raw.githubusercontent.com/PokeAPI/sprites/master/sprites/pokemon/other/official-artwork/397.png,False,False,False
398,Staraptor,Sinnoh,Normal,Flying,85,120,70,50,60,100,https://raw.githubusercontent.com/PokeAPI/sprites/master/sprites/pokemon/other/official-artwork/398.png,False,False,False
399,Bidoof,Sinnoh,Normal,,59,45,40,35,40,31,https://raw.githubusercontent.com/PokeAPI/sprites/master/sprites/pokemon/other/official-artwork/399.png,False,False,False
400,Bibarel,Sinnoh,Normal,Water,79,85,60,55,60,71,https://raw.githubusercontent.com/PokeAPI/sprites/master/sprites/pokemon/other/official-artwork/400.png,False,False,False
401,Kricketot,Sinnoh,Bug,,37,25,41,25,41,25,https://raw.githubusercontent.com/PokeAPI/sprites/master/sprites/pokemon/other/official-artwork/401.png,False,False,False
402,Kricketune,Sinnoh,Bug,,77,85,51,55,51,65,https://raw.githubusercontent.com/PokeAPI/sprites/master/sprites/pokemon/other/official-artwork/402.png,False,False,False
403,Shinx,Sinnoh,Electric,,45,65,34,40,34,45,https://raw.githubusercontent.com/PokeAPI/sprites/master/sprites/pokemon/other/official-artwork/403.png,False,False,False
404,Luxio,Sinnoh,Electric,,60,85,49,60,49,60,https://raw.githubusercontent.com/PokeAPI/sprites/master/sprites/pokemon/other/official-artwork/404.png,False,False,False
405,Luxray,Sinnoh,Electric,,80,120,79,95,79,70,https://raw.githubusercontent.com/PokeAPI/sprites/master/sprites/pokemon/other/official-artwork/405.png,False,False,False
406,Budew,Sinnoh,Grass,Poison,40,30,35,50,70,55,https://raw.githubusercontent.com/PokeAPI/sprites/master/sprites/pokemon/other/official-artwork/406.png,False,False,False
407,Roserade,Sinnoh,Grass,Poison,60,70,65,125,105,90,https://raw.githubusercontent.com/PokeAPI/sprites/master/sprites/pokemon/other/official-artwork/407.png,False,False,False
408,Cranidos,Sinnoh,Rock,,67,125,40,30,30,58,https://raw.githubusercontent.com/PokeAPI/sprites/master/sprites/pokemon/other/official-artwork/408.png,False,False,False
409,Rampardos,Sinnoh,Rock,,97,165,60,65,50,58,https://raw.githubusercontent.com/PokeAPI/sprites/master/sprites/pokemon/other/official-artwork/409.png,False,False,False
410,Shieldon,Sinnoh,Rock,Steel,30,42,118,42,88,30,https://raw.githubusercontent.com/PokeAPI/sprites/master/sprites/pokemon/other/official-artwork/410.png,False,False,False
411,Bastiodon,Sinnoh,Rock,Steel,60,52,168,47,138,30,https://raw.githubusercontent.com/PokeAPI/sprites/master/sprites/pokemon/other/official-artwork/411.png,False,False,False
412,Burmy,Sinnoh,Bug,,40,29,45,29,45,36,https://raw.githubusercontent.com/PokeAPI/sprites/master/sprites/pokemon/other/official-artwork/412.png,False,False,False
413,Wormadam Plant,Sinnoh,Bug,Grass,60,59,85,79,105,36,https://raw.githubusercontent.com/PokeAPI/sprites/master/sprites/pokemon/other/official-artwork/413.png,False,False,False
414,Mothim,Sinnoh,Bug,Flying,70,94,50,94,50,66,https://raw.githubusercontent.com/PokeAPI/sprites/master/sprites/pokemon/other/official-artwork/414.png,False,False,False
415,Combee,Sinnoh,Bug,Flying,30,30,42,30,42,70,https://raw.githubusercontent.com/PokeAPI/sprites/master/sprites/pokemon/other/official-artwork/415.png,False,False,False
416,Vespiquen,Sinnoh,Bug,Flying,70,80,102,80,102,40,https://raw.githubusercontent.com/PokeAPI/sprites/master/sprites/pokemon/other/official-artwork/416.png,False,False,False
417,Pachirisu,Sinnoh,Electric,,60,45,70,45,90,95,https://raw.githubusercontent.com/PokeAPI/sprites/master/sprites/pokemon/other/official-artwork/417.png,False,False,False
418,Buizel,Sinnoh,Water,,55,65,35,60,30,85,https://raw.githubusercontent.com/PokeAPI/sprites/master/sprites/pokemon/other/official-artwork/418.png,False,False,False
419,Floatzel,Sinnoh,Water,,85,105,55,85,50,115,https://raw.githubusercontent.com/PokeAPI/sprites/master/sprites/pokemon/other/official-artwork/419.png,False,False,False
420,Cherubi,Sinnoh,Grass,,45,35,45,62,53,35,https://raw.githubusercontent.com/PokeAPI/sprites/master/sprites/pokemon/other/official-artwork/420.png,False,False,False
421,Cherrim,Sinnoh,Grass,,70,60,70,87,78,85,https://raw.githubusercontent.com/PokeAPI/sprites/master/sprites/pokemon/other/official-artwork/421.png,False,False,False
422,Shellos,Sinnoh,Water,,76,48,48,57,62,34,https://raw.githubusercontent.com/PokeAPI/sprites/master/sprites/pokemon/other/official-artwork/422.png,False,False,False
423,Gastrodon,Sinnoh,Water,Ground,111,83,68,92,82,39,https://raw.githubusercontent.com/PokeAPI/sprites/master/sprites/pokemon/other/official-artwork/423.png,False,False,False
424,Ambipom,Sinnoh,Normal,,75,100,66,60,66,115,https://raw.githubusercontent.com/PokeAPI/sprites/master/sprites/pokemon/other/official-artwork/424.png,False,False,False
425,Drifloon,Sinnoh,Ghost,Flying,90,50,34,60,44,70,https://raw.githubusercontent.com/PokeAPI/sprites/master/sprites/pokemon/other/official-artwork/425.png,False,False,False
426,Drifblim,Sinnoh,Ghost,Flying,150,80,44,90,54,80,https://raw.githubusercontent.com/PokeAPI/sprites/master/sprites/pokemon/other/official-artwork/426.png,False,False,False
427,Buneary,Sinnoh,Normal,,55,66,44,44,56,85,https://raw.githubusercontent.com/PokeAPI/sprites/master/sprites/pokemon/other/official-artwork/427.png,False,False,False
428,Lopunny,Sinnoh,Normal,,65,76,84,54,96,105,https://raw.githubusercontent.com/PokeAPI/sprites/master/sprites/pokemon/other/official-artwork/428.png,False,False,False
429,Mismagius,Sinnoh,Ghost,,60,60,60,105,105,105,https://raw.githubusercontent.com/PokeAPI/sprites/master/sprites/pokemon/other/official-artwork/429.png,False,False,False
430,Honchkrow,Sinnoh,Dark,Flying,100,125,52,105,52,71,https://raw.githubusercontent.com/PokeAPI/sprites/master/sprites/pokemon/other/official-artwork/430.png,False,False,False
431,Glameow,Sinnoh,Normal,,49,55,42,42,37,85,https://raw.githubusercontent.com/PokeAPI/sprites/master/sprites/pokemon/other/official-artwork/431.png,False,False,False
432,Purugly,Sinnoh,Normal,,71,82,64,64,59,112,https://raw.githubusercontent.com/PokeAPI/sprites/master/sprites/pokemon/other/official-artwork/432.png,False,False,False
433,Chingling,Sinnoh,Psychic,,45,30,50,65,50,45,https://raw.githubusercontent.com/PokeAPI/sprites/master/sprites/pokemon/other/official-artwork/433.png,False,False,False
434,Stunky,Sinnoh,Poison,Dark,63,63,47,41,41,74,https://raw.githubusercontent.com/PokeAPI/sprites/master/sprites/pokemon/other/official-artwork/434.png,False,False,False
435,Skuntank,Sinnoh,Poison,Dark,103,93,67,71,61,84,https://raw.githubusercontent.com/PokeAPI/sprites/master/sprites/pokemon/other/official-artwork/435.png,False,False,False
436,Bronzor,Sinnoh,Steel,Psychic,57,24,86,24,86,23,https://raw.githubusercontent.com/PokeAPI/sprites/master/sprites/pokemon/other/official-artwork/436.png,False,False,False
437,Bronzong,Sinnoh,Steel,Psychic,67,89,116,79,116,33,https://raw.githubusercontent.com/PokeAPI/sprites/master/sprites/pokemon/other/official-artwork/437.png,False,False,False
438,Bonsly,Sinnoh,Rock,,50,80,95,10,45,10,https://raw.githubusercontent.com/PokeAPI/sprites/master/sprites/pokemon/other/official-artwork/438.png,False,False,False
439,Mime Jr,Sinnoh,Psychic,Fairy,20,25,45,70,90,60,https://raw.githubusercontent.com/PokeAPI/sprites/master/sprites/pokemon/other/official-artwork/439.png,False,False,False
440,Happiny,Sinnoh,Normal,,100,5,5,15,65,30,https://raw.githubusercontent.com/PokeAPI/sprites/master/sprites/pokemon/other/official-artwork/440.png,False,False,False
441,Chatot,Sinnoh,Normal,Flying,76,65,45,92,42,91,https://raw.githubusercontent.com/PokeAPI/sprites/master/sprites/pokemon/other/official-artwork/441.png,False,False,False
442,Spiritomb,Sinnoh,Ghost,Dark,50,92,108,92,108,35,https://raw.githubusercontent.com/PokeAPI/sprites/master/sprites/pokemon/other/official-artwork/442.png,False,False,False
443,Gible,Sinnoh,Dragon,Ground,58,70,45,40,45,42,https://raw.githubusercontent.com/PokeAPI/sprites/master/sprites/pokemon/other/official-artwork/443.png,False,False,False
444,Gabite,Sinnoh,Dragon,Ground,68,90,65,50,55,82,https://raw.githubusercontent.com/PokeAPI/sprites/master/sprites/pokemon/other/official-artwork/444.png,False,False,False
445,Garchomp,Sinnoh,Dragon,Ground,108,130,95,80,85,102,https://raw.githubusercontent.com/PokeAPI/sprites/master/sprites/pokemon/other/official-artwork/445.png,False,False,False
446,Munchlax,Sinnoh,Normal,,135,85,40,40,85,5,https://raw.githubusercontent.com/PokeAPI/sprites/master/sprites/pokemon/other/official-artwork/446.png,False,False,False
447,Riolu,Sinnoh,Fighting,,40,70,40,35,40,60,https://raw.githubusercontent.com/PokeAPI/sprites/master/sprites/pokemon/other/official-artwork/447.png,False,False,False
448,Lucario,Sinnoh,Fighting,Steel,70,110,70,115,70,90,https://raw.githubusercontent.com/PokeAPI/sprites/master/sprites/pokemon/other/official-artwork/448.png,False,False,False
449,Hippopotas,Sinnoh,Ground,,68,72,78,38,42,32,https://raw.githubusercontent.com/PokeAPI/sprites/master/sprites/pokemon/other/official-artwork/449.png,False,False,False
450,Hippowdon,Sinnoh,Ground,,108,112,118,68,72,47,https://raw.githubusercontent.com/PokeAPI/sprites/master/sprites/pokemon/other/official-artwork/450.png,False,False,False
451,Skorupi,Sinnoh,Poison,Bug,40,50,90,30,55,65,https://raw.githubusercontent.com/PokeAPI/sprites/master/sprites/pokemon/other/official-artwork/451.png,False,False,False
452,Drapion,Sinnoh,Poison,Dark,70,90,110,60,75,95,https://raw.githubusercontent.com/PokeAPI/sprites/master/sprites/pokemon/other/official-artwork/452.png,False,False,False
453,Croagunk,Sinnoh,Poison,Fighting,48,61,40,61,40,50,https://raw.githubusercontent.com/PokeAPI/sprites/master/sprites/pokemon/other/official-artwork/453.png,False,False,False
454,Toxicroak,Sinnoh,Poison,Fighting,83,106,65,86,65,85,https://raw.githubusercontent.com/PokeAPI/sprites/master/sprites/pokemon/other/official-artwork/454.png,False,False,False
455,Carnivine,Sinnoh,Grass,,74,100,72,90,72,46,https://raw.githubusercontent.com/PokeAPI/sprites/master/sprites/pokemon/other/official-artwork/455.png,False,False,False
456,Finneon,Sinnoh,Water,,49,49,56,49,61,66,https://raw.githubusercontent.com/PokeAPI/sprites/master/sprites/pokemon/other/official-artwork/456.png,False,False,False
457,Lumineon,Sinnoh,Water,,69,69,76,69,86,91,https://raw.githubusercontent.com/PokeAPI/sprites/master/sprites/pokemon/other/official-artwork/457.png,False,False,False
458,Mantyke,Sinnoh,Water,Flying,45,20,50,60,120,50,https://raw.githubusercontent.com/PokeAPI/sprites/master/sprites/pokemon/other/official-artwork/458.png,False,False,False
459,Snover,Sinnoh,Grass,Ice,60,62,50,62,60,40,https://raw.githubusercontent.com/PokeAPI/sprites/master/sprites/pokemon/other/official-artwork/459.png,False,False,False
460,Abomasnow,Sinnoh,Grass,Ice,90,92,75,92,85,60,https://raw.githubusercontent.com/PokeAPI/sprites/master/sprites/pokemon/other/official-artwork/460.png,False,False,False
461,Weavile,Sinnoh,Dark,Ice,70,120,65,45,85,125,https://raw.githubusercontent.com/PokeAPI/sprites/master/sprites/pokemon/other/official-artwork/461.png,False,False,False
462,Magnezone,Sinnoh,Electric,Steel,70,70,115,130,90,60,https://raw.githubusercontent.com/PokeAPI/sprites/master/sprites/pokemon/other/official-artwork/462.png,False,False,False
463,Lickilicky,Sinnoh,Normal,,110,85,95,80,95,50,https://raw.githubusercontent.com/PokeAPI/sprites/master/sprites/pokemon/other/official-artwork/463.png,False,False,False
464,Rhyperior,Sinnoh,Ground,Rock,115,140,130,55,55,40,https://raw.githubusercontent.com/PokeAPI/sprites/master/sprites/pokemon/other/official-artwork/464.png,False,False,False
465,Tangrowth,Sinnoh,Grass,,100,100,125,110,50,50,https://raw.githubusercontent.com/PokeAPI/sprites/master/sprites/pokemon/other/official-artwork/465.png,False,False,False
466,Electivire,Sinnoh,Electric,,75,123,67,95,85,95,https://raw.githubusercontent.com/PokeAPI/sprites/master/sprites/pokemon/other/official-artwork/466.png,False,False,False
467,Magmortar,Sinnoh,Fire,,75,95,67,125,95,83,https://raw.githubusercontent.com/PokeAPI/sprites/master/sprites/pokemon/other/official-artwork/467.png,False,False,False
468,Togekiss,Sinnoh,Fairy,Flying,85,50,95,120,115,80,https://raw.githubusercontent.com/PokeAPI/sprites/master/sprites/pokemon/other/official-artwork/468.png,False,False,False
469,Yanmega,Sinnoh,Bug,Flying,86,76,86,116,56,95,https://raw.githubusercontent.com/PokeAPI/sprites/master/sprites/pokemon/other/official-artwork/469.png,False,False,False
470,Leafeon,Sinnoh,Grass,,65,110,130,60,65,95,https://raw.githubusercontent.com/PokeAPI/sprites/master/sprites/pokemon/other/official-artwork/470.png,False,False,False
471,Glaceon,Sinnoh,Ice,,65,60,110,130,95,65,https://raw.githubusercontent.com/PokeAPI/sprites/master/sprites/pokemon/other/official-artwork/471.png,False,False,False
472,Gliscor,Sinnoh,Ground,Flying,75,95,125,45,75,95,https://raw.githubusercontent.com/PokeAPI/sprites/master/sprites/pokemon/other/official-artwork/472.png,False,False,False
473,Mamoswine,Sinnoh,Ice,Ground,110,130,80,70,60,80,https://raw.githubusercontent.com/PokeAPI/sprites/master/sprites/pokemon/other/official-artwork/473.png,False,False,False
474,Porygon Z,Sinnoh,Normal,,85,80,70,135,75,90,https://raw.githubusercontent.com/PokeAPI/sprites/master/sprites/pokemon/other/official-artwork/474.png,False,False,False
475,Gallade,Sinnoh,Psychic,Fighting,68,125,65,65,115,80,https://raw.githubusercontent.com/PokeAPI/sprites/master/sprites/pokemon/other/official-artwork/475.png,False,False,False
476,Probopass,Sinnoh,Rock,Steel,60,55,145,75,150,40,https://raw.githubusercontent.com/PokeAPI/sprites/master/sprites/pokemon/other/official-artwork/476.png,False,False,False
477,Dusknoir,Sinnoh,Ghost,,45,100,135,65,135,45,https://raw.githubusercontent.com/PokeAPI/sprites/master/sprites/pokemon/other/official-artwork/477.png,False,False,False
478,Froslass,Sinnoh,Ice,Ghost,70,80,70,80,70,110,https://raw.githubusercontent.com/PokeAPI/sprites/master/sprites/pokemon/other/official-artwork/478.png,False,False,False
479,Rotom,Sinnoh,Electric,Ghost,50,50,77,95,77,91,https://raw.githubusercontent.com/PokeAPI/sprites/master/sprites/pokemon/other/official-artwork/479.png,False,False,False
480,Uxie,Sinnoh,Psychic,,75,75,130,75,130,95,https://raw.githubusercontent.com/PokeAPI/sprites/master/sprites/pokemon/other/official-artwork/480.png,True,False,False
481,Mesprit,Sinnoh,Psychic,,80,105,105,105,105,80,https://raw.githubusercontent.com/PokeAPI/sprites/master/sprites/pokemon/other/official-artwork/481.png,True,False,False
482,Azelf,Sinnoh,Psychic,,75,125,70,125,70,115,https://raw.githubusercontent.com/PokeAPI/sprites/master/sprites/pokemon/other/official-artwork/482.png,True,False,False
483,Dialga,Sinnoh,Steel,Dragon,100,120,120,150,100,90,https://raw.githubusercontent.com/PokeAPI/sprites/master/sprites/pokemon/other/official-artwork/483.png,True,False,False
484,Palkia,Sinnoh,Water,Dragon,90,120,100,150,120,100,https://raw.githubusercontent.com/PokeAPI/sprites/master/sprites/pokemon/other/official-artwork/484.png,True,False,False
485,Heatran,Sinnoh,Fire,Steel,91,90,106,130,106,77,https://raw.githubusercontent.com/PokeAPI/sprites/master/sprites/pokemon/other/official-artwork/485.png,True,False,False
486,Regigigas,Sinnoh,Normal,,110,160,110,80,110,100,https://raw.githubusercontent.com/PokeAPI/sprites/master/sprites/pokemon/other/official-artwork/486.png,True,False,False
487,Giratina Altered,Sinnoh,Ghost,Dragon,150,100,120,100,120,90,https://raw.githubusercontent.com/PokeAPI/sprites/master/sprites/pokemon/other/official-artwork/487.png,True,False,False
488,Cresselia,Sinnoh,Psychic,,120,70,110,75,120,85,https://raw.githubusercontent.com/PokeAPI/sprites/master/sprites/pokemon/other/official-artwork/488.png,True,False,False
489,Phione,Sinnoh,Water,,80,80,80,80,80,80,https://raw.githubusercontent.com/PokeAPI/sprites/master/sprites/pokemon/other/official-artwork/489.png,False,True,False
490,Manaphy,Sinnoh,Water,,100,100,100,100,100,100,https://raw.githubusercontent.com/PokeAPI/sprites/master/sprites/pokemon/other/official-artwork/490.png,False,True,False
491,Darkrai,Sinnoh,Dark,,70,90,90,135,90,125,https://raw.githubusercontent.com/PokeAPI/sprites/master/sprites/pokemon/other/official-artwork/491.png,False,True,False
492,Shaymin Land,Sinnoh,Grass,,100,100,100,100,100,100,https://raw.githubusercontent.com/PokeAPI/sprites/master/sprites/pokemon/other/official-artwork/492.png,False,True,False
493,Arceus,Sinnoh,Normal,,120,120,120,120,120,120,https://raw.githubusercontent.com/PokeAPI/sprites/master/sprites/pokemon/other/official-artwork/493.png,False,True,False
494,Victini,Unova,Psychic,Fire,100,100,100,100,100,100,https://raw.githubusercontent.com/PokeAPI/sprites/master/sprites/pokemon/other/official-artwork/494.png,False,True,False
495,Snivy,Unova,Grass,,45,45,55,45,55,63,https://raw.githubusercontent.com/PokeAPI/sprites/master/sprites/pokemon/other/official-artwork/495.png,False,False,False
496,Servine,Unova,Grass,,60,60,75,60,75,83,https://raw.githubusercontent.com/PokeAPI/sprites/master/sprites/pokemon/other/official-artwork/496.png,False,False,False
497,Serperior,Unova,Grass,,75,75,95,75,95,113,https://raw.githubusercontent.com/PokeAPI/sprites/master/sprites/pokemon/other/official-artwork/497.png,False,False,False
498,Tepig,Unova,Fire,,65,63,45,45,45,45,https://raw.githubusercontent.com/PokeAPI/sprites/master/sprites/pokemon/other/official-artwork/498.png,False,False,False
499,Pignite,Unova,Fire,Fighting,90,93,55,70,55,55,https://raw.githubusercontent.com/PokeAPI/sprites/master/sprites/pokemon/other/official-artwork/499.png,False,False,False
500,Emboar,Unova,Fire,Fighting,110,123,65,100,65,65,https://raw.githubusercontent.com/PokeAPI/sprites/master/sprites/pokemon/other/official-artwork/500.png,False,False,False
501,Oshawott,Unova,Water,,55,55,45,63,45,45,https://raw.githubusercontent.com/PokeAPI/sprites/master/sprites/pokemon/other/official-artwork/501.png,False,False,False
502,Dewott,Unova,Water,,75,75,60,83,60,60,https://raw.githubusercontent.com/PokeAPI/sprites/master/sprites/pokemon/other/official-artwork/502.png,False,False,False
503,Samurott,Unova,Water,,95,100,85,108,70,70,https://raw.githubusercontent.com/PokeAPI/sprites/master/sprites/pokemon/other/official-artwork/503.png,False,False,False
504,Patrat,Unova,Normal,,45,55,39,35,39,42,https://raw.githubusercontent.com/PokeAPI/sprites/master/sprites/pokemon/other/official-artwork/504.png,False,False,False
505,Watchog,Unova,Normal,,60,85,69,60,69,77,https://raw.githubusercontent.com/PokeAPI/sprites/master/sprites/pokemon/other/official-artwork/505.png,False,False,False
506,Lillipup,Unova,Normal,,45,60,45,25,45,55,https://raw.githubusercontent.com/PokeAPI/sprites/master/sprites/pokemon/other/official-artwork/506.png,False,False,False
507,Herdier,Unova,Normal,,65,80,65,35,65,60,https://raw.githubusercontent.com/PokeAPI/sprites/master/sprites/pokemon/other/official-artwork/507.png,False,False,False
508,Stoutland,Unova,Normal,,85,110,90,45,90,80,https://raw.githubusercontent.com/PokeAPI/sprites/master/sprites/pokemon/other/official-artwork/508.png,False,False,False
509,Purrloin,Unova,Dark,,41,50,37,50,37,66,https://raw.githubusercontent.com/PokeAPI/sprites/master/sprites/pokemon/other/official-artwork/509.png,False,False,False
510,Liepard,Unova,Dark,,64,88,50,88,50,106,https://raw.githubusercontent.com/PokeAPI/sprites/master/sprites/pokemon/other/official-artwork/510.png,False,False,False
511,Pansage,Unova,Grass,,50,53,48,53,48,64,https://raw.githubusercontent.com/PokeAPI/sprites/master/sprites/pokemon/other/official-artwork/511.png,False,False,False
512,Simisage,Unova,Grass,,75,98,63,98,63,101,https://raw.githubusercontent.com/PokeAPI/sprites/master/sprites/pokemon/other/official-artwork/512.png,False,False,False
513,Pansear,Unova,Fire,,50,53,48,53,48,64,https://raw.githubusercontent.com/PokeAPI/sprites/master/sprites/pokemon/other/official-artwork/513.png,False,False,False
514,Simisear,Unova,Fire,,75,98,63,98,63,101,https://raw.githubusercontent.com/PokeAPI/sprites/master/sprites/pokemon/other/official-artwork/514.png,False,False,False
515,Panpour,Unova,Water,,50,53,48,53,48,64,https://raw.githubusercontent.com/PokeAPI/sprites/master/sprites/pokemon/other/official-artwork/515.png,False,False,False
516,Simipour,Unova,Water,,75,98,63,98,63,101,https://raw.githubusercontent.com/PokeAPI/sprites/master/sprites/pokemon/other/official-artwork/516.png,False,False,False
517,Munna,Unova,Psychic,,76,25,45,67,55,24,https://raw.githubusercontent.com/PokeAPI/sprites/master/sprites/pokemon/other/official-artwork/517.png,False,False,False
518,Musharna,Unova,Psychic,,116,55,85,107,95,29,https://raw.githubusercontent.com/PokeAPI/sprites/master/sprites/pokemon/other/official-artwork/518.png,False,False,False
519,Pidove,Unova,Normal,Flying,50,55,50,36,30,43,https://raw.githubusercontent.com/PokeAPI/sprites/master/sprites/pokemon/other/official-artwork/519.png,False,False,False
520,Tranquill,Unova,Normal,Flying,62,77,62,50,42,65,https://raw.githubusercontent.com/PokeAPI/sprites/master/sprites/pokemon/other/official-artwork/520.png,False,False,False
521,Unfezant,Unova,Normal,Flying,80,115,80,65,55,93,https://raw.githubusercontent.com/PokeAPI/sprites/master/sprites/pokemon/other/official-artwork/521.png,False,False,False
522,Blitzle,Unova,Electric,,45,60,32,50,32,76,https://raw.githubusercontent.com/PokeAPI/sprites/master/sprites/pokemon/other/official-artwork/522.png,False,False,False
523,Zebstrika,Unova,Electric,,75,100,63,80,63,116,https://raw.githubusercontent.com/PokeAPI/sprites/master/sprites/pokemon/other/official-artwork/523.png,False,False,False
524,Roggenrola,Unova,Rock,,55,75,85,25,25,15,https://raw.githubusercontent.com/PokeAPI/sprites/master/sprites/pokemon/other/official-artwork/524.png,False,False,False
525,Boldore,Unova,Rock,,70,105,105,50,40,20,https://raw.githubusercontent.com/PokeAPI/sprites/master/sprites/pokemon/other/official-artwork/525.png,False,False,False
526,Gigalith,Unova,Rock,,85,135,130,60,80,25,https://raw.githubusercontent.com/PokeAPI/sprites/master/sprites/pokemon/other/official-artwork/526.png,False,False,False
527,Woobat,Unova,Psychic,Flying,65,45,43,55,43,72,https://raw.githubusercontent.com/PokeAPI/sprites/master/sprites/pokemon/other/official-artwork/527.png,False,False,False
528,Swoobat,Unova,Psychic,Flying,67,57,55,77,55,114,https://raw.githubusercontent.com/PokeAPI/sprites/master/sprites/pokemon/other/official-artwork/528.png,False,False,False
529,Drilbur,Unova,Ground,,60,85,40,30,45,68,https://raw.githubusercontent.com/PokeAPI/sprites/master/sprites/pokemon/other/official-artwork/529.png,False,False,False
530,Excadrill,Unova,Ground,Steel,110,135,60,50,65,88,https://raw.githubusercontent.com/PokeAPI/sprites/master/sprites/pokemon/other/official-artwork/530.png,False,False,False
531,Audino,Unova,Normal,,103,60,86,60,86,50,https://raw.githubusercontent.com/PokeAPI/sprites/master/sprites/pokemon/other/official-artwork/531.png,False,False,False
532,Timburr,Unova,Fighting,,75,80,55,25,35,35,https://raw.githubusercontent.com/PokeAPI/sprites/master/sprites/pokemon/other/official-artwork/532.png,False,False,False
533,Gurdurr,Unova,Fighting,,85,105,85,40,50,40,https://raw.githubusercontent.com/PokeAPI/sprites/master/sprites/pokemon/other/official-artwork/533.png,False,False,False
534,Conkeldurr,Unova,Fighting,,105,140,95,55,65,45,https://raw.githubusercontent.com/PokeAPI/sprites/master/sprites/pokemon/other/official-artwork/534.png,False,False,False
535,Tympole,Unova,Water,,50,50,40,50,40,64,https://raw.githubusercontent.com/PokeAPI/sprites/master/sprites/pokemon/other/official-artwork/535.png,False,False,False
536,Palpitoad,Unova,Water,Ground,75,65,55,65,55,69,https://raw.githubusercontent.com/PokeAPI/sprites/master/sprites/pokemon/other/official-artwork/536.png,False,False,False
537,Seismitoad,Unova,Water,Ground,105,95,75,85,75,74,https://raw.githubusercontent.com/PokeAPI/sprites/master/sprites/pokemon/other/official-artwork/537.png,False,False,False
538,Throh,Unova,Fighting,,120,100,85,30,85,45,https://raw.githubusercontent.com/PokeAPI/sprites/master/sprites/pokemon/other/official-artwork/538.png,False,False,False
539,Sawk,Unova,Fighting,,75,125,75,30,75,85,https://raw.githubusercontent.com/PokeAPI/sprites/master/sprites/pokemon/other/official-artwork/539.png,False,False,False
540,Sewaddle,Unova,Bug,Grass,45,53,70,40,60,42,https://raw.githubusercontent.com/PokeAPI/sprites/master/sprites/pokemon/other/official-artwork/540.png,False,False,False
541,Swadloon,Unova,Bug,Grass,55,63,90,50,80,42,https://raw.githubusercontent.com/PokeAPI/sprites/master/sprites/pokemon/other/official-artwork/541.png,False,False,False
542,Leavanny,Unova,Bug,Grass,75,103,80,70,80,92,https://raw.githubusercontent.com/PokeAPI/sprites/master/sprites/pokemon/other/official-artwork/542.png,False,False,False
543,Venipede,Unova,Bug,Poison,30,45,59,30,39,57,https://raw.githubusercontent.com/PokeAPI/sprites/master/sprites/pokemon/other/official-artwork/543.png,False,False,False
544,Whirlipede,Unova,Bug,Poison,40,55,99,40,79,47,https://raw.githubusercontent.com/PokeAPI/sprites/master/sprites/pokemon/other/official-artwork/544.png,False,False,False
545,Scolipede,Unova,Bug,Poison,60,100,89,55,69,112,https://raw.githubusercontent.com/PokeAPI/sprites/master/sprites/pokemon/other/official-artwork/545.png,False,False,False
546,Cottonee,Unova,Grass,Fairy,40,27,60,37,50,66,https://raw.githubusercontent.com/PokeAPI/sprites/master/sprites/pokemon/other/official-artwork/546.png,False,False,False
547,Whimsicott,Unova,Grass,Fairy,60,67,85,77,75,116,https://raw.githubusercontent.com/PokeAPI/sprites/master/sprites/pokemon/other/official-artwork/547.png,False,False,False
548,Petilil,Unova,Grass,,45,35,50,70,50,30,https://raw.githubusercontent.com/PokeAPI/sprites/master/sprites/pokemon/other/official-artwork/548.png,False,False,False
549,Lilligant,Unova,Grass,,70,60,75,110,75,90,https://raw.githubusercontent.com/PokeAPI/sprites/master/sprites/pokemon/other/official-artwork/549.png,False,False,False
550,Basculin Red Striped,Unova,Water,,70,92,65,80,55,98,https://raw.githubusercontent.com/PokeAPI/sprites/master/sprites/pokemon/other/official-artwork/550.png,False,False,False
551,Sandile,Unova,Ground,Dark,50,72,35,35,35,65,https://raw.githubusercontent.com/PokeAPI/sprites/master/sprites/pokemon/other/official-artwork/551.png,False,False,False
552,Krokorok,Unova,Ground,Dark,60,82,45,45,45,74,https://raw.githubusercontent.com/PokeAPI/sprites/master/sprites/pokemon/other/official-artwork/552.png,False,False,False
553,Krookodile,Unova,Ground,Dark,95,117,80,65,70,92,https://raw.githubusercontent.com/PokeAPI/sprites/master/sprites/pokemon/other/official-artwork/553.png,False,False,False
554,Darumaka,Unova,Fire,,70,90,45,15,45,50,https://raw.githubusercontent.com/PokeAPI/sprites/master/sprites/pokemon/other/official-artwork/554.png,False,False,False
555,Darmanitan Standard,Unova,Fire,,105,140,55,30,55,95,https://raw.githubusercontent.com/PokeAPI/sprites/master/sprites/pokemon/other/official-artwork/555.png,False,False,False
556,Maractus,Unova,Grass,,75,86,67,106,67,60,https://raw.githubusercontent.com/PokeAPI/sprites/master/sprites/pokemon/other/official-artwork/556.png,False,False,False
557,Dwebble,Unova,Bug,Rock,50,65,85,35,35,55,https://raw.githubusercontent.com/PokeAPI/sprites/master/sprites/pokemon/other/official-artwork/557.png,False,False,False
558,Crustle,Unova,Bug,Rock,70,105,125,65,75,45,https://raw.githubusercontent.com/PokeAPI/sprites/master/sprites/pokemon/other/official-artwork/558.png,False,False,False
559,Scraggy,Unova,Dark,Fighting,50,75,70,35,70,48,https://raw.githubusercontent.com/PokeAPI/sprites/master/sprites/pokemon/other/official-artwork/559.png,False,False,False
560,Scrafty,Unova,Dark,Fighting,65,90,115,45,115,58,https://raw.githubusercontent.com/PokeAPI/sprites/master/sprites/pokemon/other/official-artwork/560.png,False,False,False
561,Sigilyph,Unova,Psychic,Flying,72,58,80,103,80,97,https://raw.githubusercontent.com/PokeAPI/sprites/master/sprites/pokemon/other/official-artwork/561.png,False,False,False
562,Yamask,Unova,Ghost,,38,30,85,55,65,30,https://raw.githubusercontent.com/PokeAPI/sprites/master/sprites/pokemon/other/official-artwork/562.png,False,False,False
563,Cofagrigus,Unova,Ghost,,58,50,145,95,105,30,https://raw.githubusercontent.com/PokeAPI/sprites/master/sprites/pokemon/other/official-artwork/563.png,False,False,False
564,Tirtouga,Unova,Water,Rock,54,78,103,53,45,22,https://raw.githubusercontent.com/PokeAPI/sprites/master/sprites/pokemon/other/official-artwork/564.png,False,False,False
565,Carracosta,Unova,Water,Rock,74,108,133,83,65,32,https://raw.githubusercontent.com/PokeAPI/sprites/master/sprites/pokemon/other/official-artwork/565.png,False,False,False
566,Archen,Unova,Rock,Flying,55,112,45,74,45,70,https://raw.githubusercontent.com/PokeAPI/sprites/master/sprites/pokemon/other/official-artwork/566.png,False,False,False
567,Archeops,Unova,Rock,Flying,75,140,65,112,65,110,https://raw.githubusercontent.com/PokeAPI/sprites/master/sprites/pokemon/other/official-artwork/567.png,False,False,False
568,Trubbish,Unova,Poison,,50,50,62,40,62,65,https://raw.githubusercontent.com/PokeAPI/sprites/master/sprites/pokemon/other/official-artwork/568.png,False,False,False
569,Garbodor,Unova,Poison,,80,95,82,60,82,75,https://raw.githubusercontent.com/PokeAPI/sprites/master/sprites/pokemon/other/official-artwork/569.png,False,False,False
570,Zorua,Unova,Dark,,40,65,40,80,40,65,https://raw.githubusercontent.com/PokeAPI/sprites/master/sprites/pokemon/other/official-artwork/570.png,False,False,False
571,Zoroark,Unova,Dark,,60,105,60,120,60,105,https://raw.githubusercontent.com/PokeAPI/sprites/master/sprites/pokemon/other/official-artwork/571.png,False,False,False
572,Minccino,Unova,Normal,,55,50,40,40,40,75,https://raw.githubusercontent.com/PokeAPI/sprites/master/sprites/pokemon/other/official-artwork/572.png,False,False,False
573,Cinccino,Unova,Normal,,75,95,60,65,60,115,https://raw.githubusercontent.com/PokeAPI/sprites/master/sprites/pokemon/other/official-artwork/573.png,False,False,False
574,Gothita,Unova,Psychic,,45,30,50,55,65,45,https://raw.githubusercontent.com/PokeAPI/sprites/master/sprites/pokemon/other/official-artwork/574.png,False,False,False
575,Gothorita,Unova,Psychic,,60,45,70,75,85,55,https://raw.githubusercontent.com/PokeAPI/sprites/master/sprites/pokemon/other/official-artwork/575.png,False,False,False
576,Gothitelle,Unova,Psychic,,70,55,95,95,110,65,https://raw.githubusercontent.com/PokeAPI/sprites/master/sprites/pokemon/other/official-artwork/576.png,False,False,False
577,Solosis,Unova,Psychic,,45,30,40,105,50,20,https://raw.githubusercontent.com/PokeAPI/sprites/master/sprites/pokemon/other/official-artwork/577.png,False,False,False
578,Duosion,Unova,Psychic,,65,40,50,125,60,30,https://raw.githubusercontent.com/PokeAPI/sprites/master/sprites/pokemon/other/official-artwork/578.png,False,False,False
579,Reuniclus,Unova,Psychic,,110,65,75,125,85,30,https://raw.githubusercontent.com/PokeAPI/sprites/master/sprites/pokemon/other/official-artwork/579.png,False,False,False
580,Ducklett,Unova,Water,Flying,62,44,50,44,50,55,https://raw.githubusercontent.com/PokeAPI/sprites/master/sprites/pokemon/other/official-artwork/580.png,False,False,False
581,Swanna,Unova,Water,Flying,75,87,63,87,63,98,https://raw.githubusercontent.com/PokeAPI/sprites/master/sprites/pokemon/other/official-artwork/581.png,False,False,False
582,Vanillite,Unova,Ice,,36,50,50,65,60,44,https://raw.githubusercontent.com/PokeAPI/sprites/master/sprites/pokemon/other/official-artwork/582.png,False,False,False
583,Vanillish,Unova,Ice,,51,65,65,80,75,59,https://raw.githubusercontent.com/PokeAPI/sprites/master/sprites/pokemon/other/official-artwork/583.png,False,False,False
584,Vanilluxe,Unova,Ice,,71,95,85,110,95,79,https://raw.githubusercontent.com/PokeAPI/sprites/master/sprites/pokemon/other/official-artwork/584.png,False,False,False
585,Deerling,Unova,Normal,Grass,60,60,50,40,50,75,https://raw.githubusercontent.com/PokeAPI/sprites/master/sprites/pokemon/other/official-artwork/585.png,False,False,False
586,Sawsbuck,Unova,Normal,Grass,80,100,70,60,70,95,https://raw.githubusercontent.com/PokeAPI/sprites/master/sprites/pokemon/other/official-artwork/586.png,False,False,False
587,Emolga,Unova,Electric,Flying,55,75,60,75,60,103,https://raw.githubusercontent.com/PokeAPI/sprites/master/sprites/pokemon/other/official-artwork/587.png,False,False,False
588,Karrablast,Unova,Bug,,50,75,45,40,45,60,https://raw.githubusercontent.com/PokeAPI/sprites/master/sprites/pokemon/other/official-artwork/588.png,False,False,False
589,Escavalier,Unova,Bug,Steel,70,135,105,60,105,20,https://raw.githubusercontent.com/PokeAPI/sprites/master/sprites/pokemon/other/official-artwork/589.png,False,False,False
590,Foongus,Unova,Grass,Poison,69,55,45,55,55,15,https://raw.githubusercontent.com/PokeAPI/sprites/master/sprites/pokemon/other/official-artwork/590.png,False,False,False
591,Amoonguss,Unova,Grass,Poison,114,85,70,85,80,30,https://raw.githubusercontent.com/PokeAPI/sprites/master/sprites/pokemon/other/official-artwork/591.png,False,False,False
592,Frillish Male,Unova,Water,Ghost,55,40,50,65,85,40,https://raw.githubusercontent.com/PokeAPI/sprites/master/sprites/pokemon/other/official-artwork/592.png,False,False,False
593,Jellicent Male,Unova,Water,Ghost,100,60,70,85,105,60,https://raw.githubusercontent.com/PokeAPI/sprites/master/sprites/pokemon/other/official-artwork/593.png,False,False,False
594,Alomomola,Unova,Water,,165,75,80,40,45,65,https://raw.githubusercontent.com/PokeAPI/sprites/master/sprites/pokemon/other/official-artwork/594.png,False,False,False
595,Joltik,Unova,Bug,Electric,50,47,50,57,50,65,https://raw.githubusercontent.com/PokeAPI/sprites/master/sprites/pokemon/other/official-artwork/595.png,False,False,False
596,Galvantula,Unova,Bug,Electric,70,77,60,97,60,108,https://raw.githubusercontent.com/PokeAPI/sprites/master/sprites/pokemon/other/official-artwork/596.png,False,False,False
597,Ferroseed,Unova,Grass,Steel,44,50,91,24,86,10,https://raw.githubusercontent.com/PokeAPI/sprites/master/sprites/pokemon/other/official-artwork/597.png,False,False,False
598,Ferrothorn,Unova,Grass,Steel,74,94,131,54,116,20,https://raw.githubusercontent.com/PokeAPI/sprites/master/sprites/pokemon/other/official-artwork/598.png,False,False,False
599,Klink,Unova,Steel,,40,55,70,45,60,30,https://raw.githubusercontent.com/PokeAPI/sprites/master/sprites/pokemon/other/official-artwork/599.png,False,False,False
600,Klang,Unova,Steel,,60,80,95,70,85,50,https://raw.githubusercontent.com/PokeAPI/sprites/master/sprites/pokemon/other/official-artwork/600.png,False,False,False
601,Klinklang,Unova,Steel,,60,100,115,70,85,90,https://raw.githubusercontent.com/PokeAPI/sprites/master/sprites/pokemon/other/official-artwork/601.png,False,False,False
602,Tynamo,Unova,Electric,,35,55,40,45,40,60,https://raw.githubusercontent.com/PokeAPI/sprites/master/sprites/pokemon/other/official-artwork/602.png,False,False,False
603,Eelektrik,Unova,Electric,,65,85,70,75,70,40,https://raw.githubusercontent.com/PokeAPI/sprites/master/sprites/pokemon/other/official-artwork/603.png,False,False,False
604,Eelektross,Unova,Electric,,85,115,80,105,80,50,https://raw.githubusercontent.com/PokeAPI/sprites/master/sprites/pokemon/other/official-artwork/604.png,False,False,False
605,Elgyem,Unova,Psychic,,55,55,55,85,55,30,https://raw.githubusercontent.com/PokeAPI/sprites/master/sprites/pokemon/other/official-artwork/605.png,False,False,False
606,Beheeyem,Unova,Psychic,,75,75,75,125,95,40,https://raw.githubusercontent.com/PokeAPI/sprites/master/sprites/pokemon/other/official-artwork/606.png,False,False,False
607,Litwick,Unova,Ghost,Fire,50,30,55,65,55,20,https://raw.githubusercontent.com/PokeAPI/sprites/master/sprites/pokemon/other/official-artwork/607.png,False,False,False
608,Lampent,Unova,Ghost,Fire,60,40,60,95,60,55,https://raw.githubusercontent.com/PokeAPI/sprites/master/sprites/pokemon/other/official-artwork/608.png,False,False,False
609,Chandelure,Unova,Ghost,Fire,60,55,90,145,90,80,https://raw.githubusercontent.com/PokeAPI/sprites/master/sprites/pokemon/other/official-artwork/609.png,False,False,False
610,Axew,Unova,Dragon,,46,87,60,30,40,57,https://raw.githubusercontent.com/PokeAPI/sprites/master/sprites/pokemon/other/official-artwork/610.png,False,False,False
611,Fraxure,Unova,Dragon,,66,117,70,40,50,67,https://raw.githubusercontent.com/PokeAPI/sprites/master/sprites/pokemon/other/official-artwork/611.png,False,False,False
612,Haxorus,Unova,Dragon,,76,147,90,60,70,97,https://raw.githubusercontent.com/PokeAPI/sprites/master/sprites/pokemon/other/official-artwork/612.png,False,False,False
613,Cubchoo,Unova,Ice,,55,70,40,60,40,40,https://raw.githubusercontent.com/PokeAPI/sprites/master/sprites/pokemon/other/official-artwork/613.png,False,False,False
614,Beartic,Unova,Ice,,95,130,80,70,80,50,https://raw.githubusercontent.com/PokeAPI/sprites/master/sprites/pokemon/other/official-artwork/614.png,False,False,False
615,Cryogonal,Unova,Ice,,80,50,50,95,135,105,https://raw.githubusercontent.com/PokeAPI/sprites/master/sprites/pokemon/other/official-artwork/615.png,False,False,False
616,Shelmet,Unova,Bug,,50,40,85,40,65,25,https://raw.githubusercontent.com/PokeAPI/sprites/master/sprites/pokemon/other/official-artwork/616.png,False,False,False
617,Accelgor,Unova,Bug,,80,70,40,100,60,145,https://raw.githubusercontent.com/PokeAPI/sprites/master/sprites/pokemon/other/official-artwork/617.png,False,False,False
618,Stunfisk,Unova,Ground,Electric,109,66,84,81,99,32,https://raw.githubusercontent.com/PokeAPI/sprites/master/sprites/pokemon/other/official-artwork/618.png,False,False,False
619,Mienfoo,Unova,Fighting,,45,85,50,55,50,65,https://raw.githubusercontent.com/PokeAPI/sprites/master/sprites/pokemon/other/official-artwork/619.png,False,False,False
620,Mienshao,Unova,Fighting,,65,125,60,95,60,105,https://raw.githubusercontent.com/PokeAPI/sprites/master/sprites/pokemon/other/official-artwork/620.png,False,False,False
621,Druddigon,Unova,Dragon,,77,120,90,60,90,48,https://raw.githubusercontent.com/PokeAPI/sprites/master/sprites/pokemon/other/official-artwork/621.png,False,False,False
622,Golett,Unova,Ground,Ghost,59,74,50,35,50,35,https://raw.githubusercontent.com/PokeAPI/sprites/master/sprites/pokemon/other/official-artwork/622.png,False,False,False
623,Golurk,Unova,Ground,Ghost,89,124,80,55,80,55,https://raw.githubusercontent.com/PokeAPI/sprites/master/sprites/pokemon/other/official-artwork/623.png,False,False,False
624,Pawniard,Unova,Dark,Steel,45,85,70,40,40,60,https://raw.githubusercontent.com/PokeAPI/sprites/master/sprites/pokemon/other/official-artwork/624.png,False,False,False
625,Bisharp,Unova,Dark,Steel,65,125,100,60,70,70,https://raw.githubusercontent.com/PokeAPI/sprites/master/sprites/pokemon/other/official-artwork/625.png,False,False,False
626,Bouffalant,Unova,Normal,,95,110,95,40,95,55,https://raw.githubusercontent.com/PokeAPI/sprites/master/sprites/pokemon/other/official-artwork/626.png,False,False,False
627,Rufflet,Unova,Normal,Flying,70,83,50,37,50,60,https://raw.githubusercontent.com/PokeAPI/sprites/master/sprites/pokemon/other/official-artwork/627.png,False,False,False
628,Braviary,Unova,Normal,Flying,100,123,75,57,75,80,https://raw.githubusercontent.com/PokeAPI/sprites/master/sprites/pokemon/other/official-artwork/628.png,False,False,False
629,Vullaby,Unova,Dark,Flying,70,55,75,45,65,60,https://raw.githubusercontent.com/PokeAPI/sprites/master/sprites/pokemon/other/official-artwork/629.png,False,False,False
630,Mandibuzz,Unova,Dark,Flying,110,65,105,55,95,80,https://raw.githubusercontent.com/PokeAPI/sprites/master/sprites/pokemon/other/official-artwork/630.png,False,False,False
631,Heatmor,Unova,Fire,,85,97,66,105,66,65,https://raw.githubusercontent.com/PokeAPI/sprites/master/sprites/pokemon/other/official-artwork/631.png,False,False,False
632,Durant,Unova,Bug,Steel,58,109,112,48,48,109,https://raw.githubusercontent.com/PokeAPI/sprites/master/sprites/pokemon/other/official-artwork/632.png,False,False,False
633,Deino,Unova,Dark,Dragon,52,65,50,45,50,38,https://raw.githubusercontent.com/PokeAPI/sprites/master/sprites/pokemon/other/official-artwork/633.png,False,False,False
634,Zweilous,Unova,Dark,Dragon,72,85,70,65,70,58,https://raw.githubusercontent.com/PokeAPI/sprites/master/sprites/pokemon/other/official-artwork/634.png,False,False,False
635,Hydreigon,Unova,Dark,Dragon,92,105,90,125,90,98,https://raw.githubusercontent.com/PokeAPI/sprites/master/sprites/pokemon/other/official-artwork/635.png,False,False,False
636,Larvesta,Unova,Bug,Fire,55,85,55,50,55,60,https://raw.githubusercontent.com/PokeAPI/sprites/master/sprites/pokemon/other/official-artwork/636.png,False,False,False
637,Volcarona,Unova,Bug,Fire,85,60,65,135,105,100,https://raw.githubusercontent.com/PokeAPI/sprites/master/sprites/pokemon/other/official-artwork/637.png,False,False,False
638,Cobalion,Unova,Steel,Fighting,91,90,129,90,72,108,https://raw.githubusercontent.com/PokeAPI/sprites/master/sprites/pokemon/other/official-artwork/638.png,True,False,False
639,Terrakion,Unova,Rock,Fighting,91,129,90,72,90,108,https://raw.githubusercontent.com/PokeAPI/sprites/master/sprites/pokemon/other/official-artwork/639.png,True,False,False
640,Virizion,Unova,Grass,Fighting,91,90,72,90,129,108,https://raw.githubusercontent.com/PokeAPI/sprites/master/sprites/pokemon/other/official-artwork/640.png,True,False,False
641,Tornadus Incarnate,Unova,Flying,,79,115,70,125,80,111,https://raw.githubusercontent.com/PokeAPI/sprites/master/sprites/pokemon/other/official-artwork/641.png,True,False,False
642,Thundurus Incarnate,Unova,Electric,Flying,79,115,70,125,80,111,https://raw.githubusercontent.com/PokeAPI/sprites/master/sprites/pokemon/other/official-artwork/642.png,True,False,False
643,Reshiram,Unova,Dragon,Fire,100,120,100,150,120,90,https://raw.githubusercontent.com/PokeAPI/sprites/master/sprites/pokemon/other/official-artwork/643.png,True,False,False
644,Zekrom,Unova,Dragon,Electric,100,150,120,120,100,90,https://raw.githubusercontent.com/PokeAPI/sprites/master/sprites/pokemon/other/official-artwork/644.png,True,False,False
645,Landorus Incarnate,Unova,Ground,Flying,89,125,90,115,80,101,https://raw.githubusercontent.com/PokeAPI/sprites/master/sprites/pokemon/other/official-artwork/645.png,True,False,False
646,Kyurem,Unova,Dragon,Ice,125,130,90,130,90,95,https://raw.githubusercontent.com/PokeAPI/sprites/master/sprites/pokemon/other/official-artwork/646.png,True,False,False
647,Keldeo Ordinary,Unova,Water,Fighting,91,72,90,129,90,108,https://raw.githubusercontent.com/PokeAPI/sprites/master/sprites/pokemon/other/official-artwork/647.png,False,True,False
648,Meloetta Aria,Unova,Normal,Psychic,100,77,77,128,128,90,https://raw.githubusercontent.com/PokeAPI/sprites/master/sprites/pokemon/other/official-artwork/648.png,False,True,False
649,Genesect,Unova,Bug,Steel,71,120,95,120,95,99,https://raw.githubusercontent.com/PokeAPI/sprites/master/sprites/pokemon/other/official-artwork/649.png,False,True,False
691,Dragalge,Kalos,Poison,Dragon,65,75,90,97,123,44,https://raw.githubusercontent.com/PokeAPI/sprites/master/sprites/pokemon/other/official-artwork/691.png,False,False,False
696,Tyrunt,Kalos,Rock,Dragon,58,89,77,45,45,48,https://raw.githubusercontent.com/PokeAPI/sprites/master/sprites/pokemon/other/official-artwork/696.png,False,False,False
697,Tyrantrum,Kalos,Rock,Dragon,82,121,119,69,59,71,https://raw.githubusercontent.com/PokeAPI/sprites/master/sprites/pokemon/other/official-artwork/697.png,False,False,False
704,Goomy,Kalos,Dragon,,45,50,35,55,75,40,https://raw.githubusercontent.com/PokeAPI/sprites/master/sprites/pokemon/other/official-artwork/704.png,False,False,False
705,Sliggoo,Kalos,Dragon,,68,75,53,83,113,60,https://raw.githubusercontent.com/PokeAPI/sprites/master/sprites/pokemon/other/official-artwork/705.png,False,False,False
706,Goodra,Kalos,Dragon,,90,100,70,110,150,80,https://raw.githubusercontent.com/PokeAPI/sprites/master/sprites/pokemon/other/official-artwork/706.png,False,False,False
714,Noibat,Kalos,Flying,Dragon,40,30,35,45,40,55,https://raw.githubusercontent.com/PokeAPI/sprites/master/sprites/pokemon/other/official-artwork/714.png,False,False,False
715,Noivern,Kalos,Flying,Dragon,85,70,80,97,80,123,https://raw.githubusercontent.com/PokeAPI/sprites/master/sprites/pokemon/other/official-artwork/715.png,False,False,False
718,Zygarde 50,Kalos,Dragon,Ground,108,100,121,81,95,95,https://raw.githubusercontent.com/PokeAPI/sprites/master/sprites/pokemon/other/official-artwork/718.png,True,False,False
810,Grookey,Galar,Grass,,50,65,50,40,40,65,https://raw.githubusercontent.com/PokeAPI/sprites/master/sprites/pokemon/other/official-artwork/810.png,False,False,False
811,Thwackey,Galar,Grass,,70,85,70,55,60,80,https://raw.githubusercontent.com/PokeAPI/sprites/master/sprites/pokemon/other/official-artwork/811.png,False,False,False
812,Rillaboom,Galar,Grass,,100,125,90,60,70,85,https://raw.githubusercontent.com/PokeAPI/sprites/master/sprites/pokemon/other/official-artwork/812.png,False,False,False
813,Scorbunny,Galar,Fire,,50,71,40,40,40,69,https://raw.githubusercontent.com/PokeAPI/sprites/master/sprites/pokemon/other/official-artwork/813.png,False,False,False
814,Raboot,Galar,Fire,,65,86,60,55,60,94,https://raw.githubusercontent.com/PokeAPI/sprites/master/sprites/pokemon/other/official-artwork/814.png,False,False,False
815,Cinderace,Galar,Fire,,80,116,75,65,75,119,https://raw.githubusercontent.com/PokeAPI/sprites/master/sprites/pokemon/other/official-artwork/815.png,False,False,False
816,Sobble,Galar,Water,,50,40,40,70,40,70,https://raw.githubusercontent.com/PokeAPI/sprites/master/sprites/pokemon/other/official-artwork/816.png,False,False,False
817,Drizzile,Galar,Water,,65,60,55,95,55,90,https://raw.githubusercontent.com/PokeAPI/sprites/master/sprites/pokemon/other/official-artwork/817.png,False,False,False
818,Inteleon,Galar,Water,,70,85,65,125,65,120,https://raw.githubusercontent.com/PokeAPI/sprites/master/sprites/pokemon/other/official-artwork/818.png,False,False,False
819,Skwovet,Galar,Normal,,70,55,55,35,35,25,https://raw.githubusercontent.com/PokeAPI/sprites/master/sprites/pokemon/other/official-artwork/819.png,False,False,False
820,Greedent,Galar,Normal,,120,95,95,55,75,20,https://raw.githubusercontent.com/PokeAPI/sprites/master/sprites/pokemon/other/official-artwork/820.png,False,False,False
821,Rookidee,Galar,Flying,,38,47,35,33,35,57,https://raw.githubusercontent.com/PokeAPI/sprites/master/sprites/pokemon/other/official-artwork/821.png,False,False,False
822,Corvisquire,Galar,Flying,,68,67,55,43,55,77,https://raw.githubusercontent.com/PokeAPI/sprites/master/sprites/pokemon/other/official-artwork/822.png,False,False,False
823,Corviknight,Galar,Flying,Steel,98,87,105,53,85,67,https://raw.githubusercontent.com/PokeAPI/sprites/master/sprites/pokemon/other/official-artwork/823.png,False,False,False
824,Blipbug,Galar,Bug,,25,20,20,25,45,45,https://raw.githubusercontent.com/PokeAPI/sprites/master/sprites/pokemon/other/official-artwork/824.png,False,False,False
825,Dottler,Galar,Bug,Psychic,50,35,80,50,90,30,https://raw.githubusercontent.com/PokeAPI/sprites/master/sprites/pokemon/other/official-artwork/825.png,False,False,False
826,Orbeetle,Galar,Bug,Psychic,60,45,110,80,120,90,https://raw.githubusercontent.com/PokeAPI/sprites/master/sprites/pokemon/other/official-artwork/826.png,False,False,False
827,Nickit,Galar,Dark,,40,28,28,47,52,50,https://raw.githubusercontent.com/PokeAPI/sprites/master/sprites/pokemon/other/official-artwork/827.png,False,False,False
828,Thievul,Galar,Dark,,70,58,58,87,92,90,https://raw.githubusercontent.com/PokeAPI/sprites/master/sprites/pokemon/other/official-artwork/828.png,False,False,False
829,Gossifleur,Galar,Grass,,40,40,60,40,60,10,https://raw.githubusercontent.com/PokeAPI/sprites/master/sprites/pokemon/other/official-artwork/829.png,False,False,False
830,Eldegoss,Galar,Grass,,60,50,90,80,120,60,https://raw.githubusercontent.com/PokeAPI/sprites/master/sprites/pokemon/other/official-artwork/830.png,False,False,False
831,Wooloo,Galar,Normal,,42,40,55,40,45,48,https://raw.githubusercontent.com/PokeAPI/sprites/master/sprites/pokemon/other/official-artwork/831.png,False,False,False
832,Dubwool,Galar,Normal,,72,80,100,60,90,88,https://raw.githubusercontent.com/PokeAPI/sprites/master/sprites/pokemon/other/official-artwork/832.png,False,False,False
833,Chewtle,Galar,Water,,50,64,50,38,38,44,https://raw.githubusercontent.com/PokeAPI/sprites/master/sprites/pokemon/other/official-artwork/833.png,False,False,False
834,Drednaw,Galar,Water,Rock,90,115,90,48,68,74,https://raw.githubusercontent.com/PokeAPI/sprites/master/sprites/pokemon/other/official-artwork/834.png,False,False,False
835,Yamper,Galar,Electric,,59,45,50,40,50,26,https://raw.githubusercontent.com/PokeAPI/sprites/master/sprites/pokemon/other/official-artwork/835.png,False,False,False
836,Boltund,Galar,Electric,,69,90,60,90,60,121,https://raw.githubusercontent.com/PokeAPI/sprites/master/sprites/pokemon/other/official-artwork/836.png,False,False,False
837,Rolycoly,Galar,Rock,,30,40,50,40,50,30,https://raw.githubusercontent.com/PokeAPI/sprites/master/sprites/pokemon/other/official-artwork/837.png,False,False,False
838,Carkol,Galar,Rock,Fire,80,60,90,60,70,50,https://raw.githubusercontent.com/PokeAPI/sprites/master/sprites/pokemon/other/official-artwork/838.png,False,False,False
839,Coalossal,Galar,Rock,Fire,110,80,120,80,90,30,https://raw.githubusercontent.com/PokeAPI/sprites/master/sprites/pokemon/other/official-artwork/839.png,False,False,False
840,Applin,Galar,Grass,Dragon,40,40,80,40,40,20,https://raw.githubusercontent.com/PokeAPI/sprites/master/sprites/pokemon/other/official-artwork/840.png,False,False,False
841,Flapple,Galar,Grass,Dragon,70,110,80,95,60,70,https://raw.githubusercontent.com/PokeAPI/sprites/master/sprites/pokemon/other/official-artwork/841.png,False,False,False
842,Appletun,Galar,Grass,Dragon,110,85,80,100,80,30,https://raw.githubusercontent.com/PokeAPI/sprites/master/sprites/pokemon/other/official-artwork/842.png,False,False,False
843,Silicobra,Galar,Ground,,52,57,75,35,50,46,https://raw.githubusercontent.com/PokeAPI/sprites/master/sprites/pokemon/other/official-artwork/843.png,False,False,False
844,Sandaconda,Galar,Ground,,72,107,125,65,70,71,https://raw.githubusercontent.com/PokeAPI/sprites/master/sprites/pokemon/other/official-artwork/844.png,False,False,False
845,Cramorant,Galar,Flying,Water,70,85,55,85,95,85,https://raw.githubusercontent.com/PokeAPI/sprites/master/sprites/pokemon/other/official-artwork/845.png,False,False,False
846,Arrokuda,Galar,Water,,41,63,40,40,30,66,https://raw.githubusercontent.com/PokeAPI/sprites/master/sprites/pokemon/other/official-artwork/846.png,False,False,False
847,Barraskewda,Galar,Water,,61,123,60,60,50,136,https://raw.githubusercontent.com/PokeAPI/sprites/master/sprites/pokemon/other/official-artwork/847.png,False,False,False
848,Toxel,Galar,Electric,Poison,40,38,35,54,35,40,https://raw.githubusercontent.com/PokeAPI/sprites/master/sprites/pokemon/other/official-artwork/848.png,False,False,False
849,Toxtricity Amped,Galar,Electric,Poison,75,98,70,114,70,75,https://raw.githubusercontent.com/PokeAPI/sprites/master/sprites/pokemon/other/official-artwork/849.png,False,False,False
850,Sizzlipede,Galar,Fire,Bug,50,65,45,50,50,45,https://raw.githubusercontent.com/PokeAPI/sprites/master/sprites/pokemon/other/official-artwork/850.png,False,False,False
851,Centiskorch,Galar,Fire,Bug,100,115,65,90,90,65,https://raw.githubusercontent.com/PokeAPI/sprites/master/sprites/pokemon/other/official-artwork/851.png,False,False,False
852,Clobbopus,Galar,Fighting,,50,68,60,50,50,32,https://raw.githubusercontent.com/PokeAPI/sprites/master/sprites/pokemon/other/official-artwork/852.png,False,False,False
853,Grapploct,Galar,Fighting,,80,118,90,70,80,42,https://raw.githubusercontent.com/PokeAPI/sprites/master/sprites/pokemon/other/official-artwork/853.png,False,False,False
854,Sinistea,Galar,Ghost,,40,45,45,74,54,50,https://raw.githubusercontent.com/PokeAPI/sprites/master/sprites/pokemon/other/official-artwork/854.png,False,False,False
855,Polteageist,Galar,Ghost,,60,65,65,134,114,70,https://raw.githubusercontent.com/PokeAPI/sprites/master/sprites/pokemon/other/official-artwork/855.png,False,False,False
856,Hatenna,Galar,Psychic,,42,30,45,56,53,39,https://raw.githubusercontent.com/PokeAPI/sprites/master/sprites/pokemon/other/official-artwork/856.png,False,False,False
857,Hattrem,Galar,Psychic,,57,40,65,86,73,49,https://raw.githubusercontent.com/PokeAPI/sprites/master/sprites/pokemon/other/official-artwork/857.png,False,False,False
858,Hatterene,Galar,Psychic,Fairy,57,90,95,136,103,29,https://raw.githubusercontent.com/PokeAPI/sprites/master/sprites/pokemon/other/official-artwork/858.png,False,False,False
859,Impidimp,Galar,Dark,Fairy,45,45,30,55,40,50,https://raw.githubusercontent.com/PokeAPI/sprites/master/sprites/pokemon/other/official-artwork/859.png,False,False,False
860,Morgrem,Galar,Dark,Fairy,65,60,45,75,55,70,https://raw.githubusercontent.com/PokeAPI/sprites/master/sprites/pokemon/other/official-artwork/860.png,False,False,False
861,Grimmsnarl,Galar,Dark,Fairy,95,120,65,95,75,60,https://raw.githubusercontent.com/PokeAPI/sprites/master/sprites/pokemon/other/official-artwork/861.png,False,False,False
862,Obstagoon,Galar,Dark,Normal,93,90,101,60,81,95,https://raw.githubusercontent.com/PokeAPI/sprites/master/sprites/pokemon/other/official-artwork/862.png,False,False,False
863,Perrserker,Galar,Steel,,70,110,100,50,60,50,https://raw.githubusercontent.com/PokeAPI/sprites/master/sprites/pokemon/other/official-artwork/863.png,False,False,False
864,Cursola,Galar,Ghost,,60,95,50,145,130,30,https://raw.githubusercontent.com/PokeAPI/sprites/master/sprites/pokemon/other/official-artwork/864.png,False,False,False
865,Sirfetchd,Galar,Fighting,,62,135,95,68,82,65,https://raw.githubusercontent.com/PokeAPI/sprites/master/sprites/pokemon/other/official-artwork/865.png,False,False,False
866,Mr Rime,Galar,Ice,Psychic,80,85,75,110,100,70,https://raw.githubusercontent.com/PokeAPI/sprites/master/sprites/pokemon/other/official-artwork/866.png,False,False,False
867,Runerigus,Galar,Ground,Ghost,58,95,145,50,105,30,https://raw.githubusercontent.com/PokeAPI/sprites/master/sprites/pokemon/other/official-artwork/867.png,False,False,False
868,Milcery,Galar,Fairy,,45,40,40,50,61,34,https://raw.githubusercontent.com/PokeAPI/sprites/master/sprites/pokemon/other/official-artwork/868.png,False,False,False
869,Alcremie,Galar,Fairy,,65,60,75,110,121,64,https://raw.githubusercontent.com/PokeAPI/sprites/master/sprites/pokemon/other/official-artwork/869.png,False,False,False
870,Falinks,Galar,Fighting,,65,100,100,70,60,75,https://raw.githubusercontent.com/PokeAPI/sprites/master/sprites/pokemon/other/official-artwork/870.png,False,False,False
871,Pincurchin,Galar,Electric,,48,101,95,91,85,15,https://raw.githubusercontent.com/PokeAPI/sprites/master/sprites/pokemon/other/official-artwork/871.png,False,False,False
872,Snom,Galar,Ice,Bug,30,25,35,45,30,20,https://raw.githubusercontent.com/PokeAPI/sprites/master/sprites/pokemon/other/official-artwork/872.png,False,False,False
873,Frosmoth,Galar,Ice,Bug,70,65,60,125,90,65,https://raw.githubusercontent.com/PokeAPI/sprites/master/sprites/pokemon/other/official-artwork/873.png,False,False,False
874,Stonjourner,Galar,Rock,,100,125,135,20,20,70,https://raw.githubusercontent.com/PokeAPI/sprites/master/sprites/pokemon/other/official-artwork/874.png,False,False,False
875,Eiscue Ice,Galar,Ice,,75,80,110,65,90,50,https://raw.githubusercontent.com/PokeAPI/sprites/master/sprites/pokemon/other/official-artwork/875.png,False,False,False
876,Indeedee Male,Galar,Psychic,Normal,60,65,55,105,95,95,https://raw.githubusercontent.com/PokeAPI/sprites/master/sprites/pokemon/other/official-artwork/876.png,False,False,False
877,Morpeko Full Belly,Galar,Electric,Dark,58,95,58,70,58,97,https://raw.githubusercontent.com/PokeAPI/sprites/master/sprites/pokemon/other/official-artwork/877.png,False,False,False
878,Cufant,Galar,Steel,,72,80,49,40,49,40,https://raw.githubusercontent.com/PokeAPI/sprites/master/sprites/pokemon/other/official-artwork/878.png,False,False,False
879,Copperajah,Galar,Steel,,122,130,69,80,69,30,https://raw.githubusercontent.com/PokeAPI/sprites/master/sprites/pokemon/other/official-artwork/879.png,False,False,False
880,Dracozolt,Galar,Electric,Dragon,90,100,90,80,70,75,https://raw.githubusercontent.com/PokeAPI/sprites/master/sprites/pokemon/other/official-artwork/880.png,False,False,False
881,Arctozolt,Galar,Electric,Ice,90,100,90,90,80,55,https://raw.githubusercontent.com/PokeAPI/sprites/master/sprites/pokemon/other/official-artwork/881.png,False,False,False
882,Dracovish,Galar,Water,Dragon,90,90,100,70,80,75,https://raw.githubusercontent.com/PokeAPI/sprites/master/sprites/pokemon/other/official-artwork/882.png,False,False,False
883,Arctovish,Galar,Water,Ice,90,90,100,80,90,55,https://raw.githubusercontent.com/PokeAPI/sprites/master/sprites/pokemon/other/official-artwork/883.png,False,False,False
884,Duraludon,Galar,Steel,Dragon,70,95,115,120,50,85,https://raw.githubusercontent.com/PokeAPI/sprites/master/sprites/pokemon/other/official-artwork/884.png,False,False,False
885,Dreepy,Galar,Dragon,Ghost,28,60,30,40,30,82,https://raw.githubusercontent.com/PokeAPI/sprites/master/sprites/pokemon/other/official-artwork/885.png,False,False,False
886,Drakloak,Galar,Dragon,Ghost,68,80,50,60,50,102,https://raw.githubusercontent.com/PokeAPI/sprites/master/sprites/pokemon/other/official-artwork/886.png,False,False,False
887,Dragapult,Galar,Dragon,Ghost,88,120,75,100,75,142,https://raw.githubusercontent.com/PokeAPI/sprites/master/sprites/pokemon/other/official-artwork/887.png,False,False,False
888,Zacian,Galar,Fairy,,92,120,115,80,115,138,https://raw.githubusercontent.com/PokeAPI/sprites/master/sprites/pokemon/other/official-artwork/888.png,True,False,False
889,Zamazenta,Galar,Fighting,,92,120,115,80,115,138,https://raw.githubusercontent.com/PokeAPI/sprites/master/sprites/pokemon/other/official-artwork/889.png,True,False,False
890,Eternatus,Galar,Poison,Dragon,140,85,95,145,95,130,https://raw.githubusercontent.com/PokeAPI/sprites/master/sprites/pokemon/other/official-artwork/890.png,True,False,False
891,Kubfu,Galar,Fighting,,60,90,60,53,50,72,https://raw.githubusercontent.com/PokeAPI/sprites/master/sprites/pokemon/other/official-artwork/891.png,True,False,False
892,Urshifu Single Strike,Galar,Fighting,Dark,100,130,100,63,60,97,https://raw.githubusercontent.com/PokeAPI/sprites/master/sprites/pokemon/other/official-artwork/892.png,True,False,False
893,Zarude,Galar,Dark,Grass,105,120,105,70,95,105,https://raw.githubusercontent.com/PokeAPI/sprites/master/sprites/pokemon/other/official-artwork/893.png,False,True,False
894,Regieleki,Galar,Electric,,80,100,50,100,50,200,https://raw.githubusercontent.com/PokeAPI/sprites/master/sprites/pokemon/other/official-artwork/894.png,True,False,False
895,Regidrago,Galar,Dragon,,200,100,50,100,50,80,https://raw.githubusercontent.com/PokeAPI/sprites/master/sprites/pokemon/other/official-artwork/895.png,True,False,False
896,Glastrier,Galar,Ice,,100,145,130,65,110,30,https://raw.githubusercontent.com/PokeAPI/sprites/master/sprites/pokemon/other/official-artwork/896.png,True,False,False
897,Spectrier,Galar,Ghost,,100,65,60,145,80,130,https://raw.githubusercontent.com/PokeAPI/sprites/master/sprites/pokemon/other/official-artwork/897.png,True,False,False
898,Calyrex,Galar,Psychic,Grass,100,80,80,80,80,80,https://raw.githubusercontent.com/PokeAPI/sprites/master/sprites/pokemon/other/official-artwork/898.png,True,False,False
899,Wyrdeer,Galar,Normal,Psychic,103,105,72,105,75,65,https://raw.githubusercontent.com/PokeAPI/sprites/master/sprites/pokemon/other/official-artwork/899.png,False,False,False
900,Kleavor,Galar,Bug,Rock,70,135,95,45,70,85,https://raw.githubusercontent.com/PokeAPI/sprites/master/sprites/pokemon/other/official-artwork/900.png,False,False,False
901,Ursaluna,Galar,Ground,Normal,130,140,105,45,80,50,https://raw.githubusercontent.com/PokeAPI/sprites/master/sprites/pokemon/other/official-artwork/901.png,False,False,False
902,Basculegion Male,Galar,Water,Ghost,120,112,65,80,75,78,https://raw.githubusercontent.com/PokeAPI/sprites/master/sprites/pokemon/other/official-artwork/902.png,False,False,False
903,Sneasler,Galar,Fighting,Poison,80,130,60,40,80,120,https://raw.githubusercontent.com/PokeAPI/sprites/master/sprites/pokemon/other/official-artwork/903.png,False,False,False
904,Overqwil,Galar,Dark,Poison,85,115,95,65,65,85,https://raw.githubusercontent.com/PokeAPI/sprites/master/sprites/pokemon/other/official-artwork/904.png,False,False,False
905,Enamorus Incarnate,Galar,Fairy,Flying,74,115,70,135,80,106,https://raw.githubusercontent.com/PokeAPI/sprites/master/sprites/pokemon/other/official-artwork/905.png,True,False,False
